timestamp,container_id,name,cpu_percent,cpu_cores,mem_usage_bytes,mem_limit_bytes,mem_percent,net_rx_bytes,net_tx_bytes,block_read_bytes,block_write_bytes,pids,raw
2026-06-30T02:46:17.688552+00:00,1b838d92b099,tcc-bes-g0-contention-run3-grafana-1,0.07,0.0007000000000000001,57420021.76,16503411834.88,0.35,25000.0,4610.0,98300.0,23900000.0,22,"{""BlockIO"": ""98.3kB / 23.9MB"", ""CPUPerc"": ""0.07%"", ""Container"": ""1b838d92b099"", ""ID"": ""1b838d92b099"", ""MemPerc"": ""0.35%"", ""MemUsage"": ""54.76MiB / 15.37GiB"", ""Name"": ""tcc-bes-g0-contention-run3-grafana-1"", ""NetIO"": ""25kB / 4.61kB"", ""PIDs"": ""22""}"
2026-06-30T02:46:17.688552+00:00,233b69edb61c,tcc-bes-g0-contention-run3-prometheus-1,0.07,0.0007000000000000001,25805455.36,16503411834.88,0.16,46500.0,2340.0,352000.0,61400.0,17,"{""BlockIO"": ""352kB / 61.4kB"", ""CPUPerc"": ""0.07%"", ""Container"": ""233b69edb61c"", ""ID"": ""233b69edb61c"", ""MemPerc"": ""0.16%"", ""MemUsage"": ""24.61MiB / 15.37GiB"", ""Name"": ""tcc-bes-g0-contention-run3-prometheus-1"", ""NetIO"": ""46.5kB / 2.34kB"", ""PIDs"": ""17""}"
2026-06-30T02:46:17.688552+00:00,7ea344958e6f,tcc-bes-g0-contention-run3-api-1,0.67,0.0067,226911846.4,16503411834.88,1.37,40100.0,75200.0,0.0,53200.0,56,"{""BlockIO"": ""0B / 53.2kB"", ""CPUPerc"": ""0.67%"", ""Container"": ""7ea344958e6f"", ""ID"": ""7ea344958e6f"", ""MemPerc"": ""1.37%"", ""MemUsage"": ""216.4MiB / 15.37GiB"", ""Name"": ""tcc-bes-g0-contention-run3-api-1"", ""NetIO"": ""40.1kB / 75.2kB"", ""PIDs"": ""56""}"
2026-06-30T02:46:17.688552+00:00,9d5aa598ec35,tcc-bes-g0-contention-run3-postgres-1,0.11,0.0011,51411681.28,16503411834.88,0.31,50400.0,36900.0,0.0,53300000.0,16,"{""BlockIO"": ""0B / 53.3MB"", ""CPUPerc"": ""0.11%"", ""Container"": ""9d5aa598ec35"", ""ID"": ""9d5aa598ec35"", ""MemPerc"": ""0.31%"", ""MemUsage"": ""49.03MiB / 15.37GiB"", ""Name"": ""tcc-bes-g0-contention-run3-postgres-1"", ""NetIO"": ""50.4kB / 36.9kB"", ""PIDs"": ""16""}"
2026-06-30T02:46:17.688552+00:00,3b258cd04d0c,tcc-bes-g0-contention-run3-cadvisor-1,0.26,0.0026,21695037.44,16503411834.88,0.13,3320.0,18900.0,0.0,0.0,18,"{""BlockIO"": ""0B / 0B"", ""CPUPerc"": ""0.26%"", ""Container"": ""3b258cd04d0c"", ""ID"": ""3b258cd04d0c"", ""MemPerc"": ""0.13%"", ""MemUsage"": ""20.69MiB / 15.37GiB"", ""Name"": ""tcc-bes-g0-contention-run3-cadvisor-1"", ""NetIO"": ""3.32kB / 18.9kB"", ""PIDs"": ""18""}"
2026-06-30T02:46:21.938838+00:00,1b838d92b099,tcc-bes-g0-contention-run3-grafana-1,0.07,0.0007000000000000001,57430507.52,16503411834.88,0.35,25200.0,4610.0,98300.0,23900000.0,22,"{""BlockIO"": ""98.3kB / 23.9MB"", ""CPUPerc"": ""0.07%"", ""Container"": ""1b838d92b099"", ""ID"": ""1b838d92b099"", ""MemPerc"": ""0.35%"", ""MemUsage"": ""54.77MiB / 15.37GiB"", ""Name"": ""tcc-bes-g0-contention-run3-grafana-1"", ""NetIO"": ""25.2kB / 4.61kB"", ""PIDs"": ""22""}"
2026-06-30T02:46:21.938838+00:00,233b69edb61c,tcc-bes-g0-contention-run3-prometheus-1,0.08,0.0008,26508001.28,16503411834.88,0.16,99300.0,3920.0,352000.0,61400.0,17,"{""BlockIO"": ""352kB / 61.4kB"", ""CPUPerc"": ""0.08%"", ""Container"": ""233b69edb61c"", ""ID"": ""233b69edb61c"", ""MemPerc"": ""0.16%"", ""MemUsage"": ""25.28MiB / 15.37GiB"", ""Name"": ""tcc-bes-g0-contention-run3-prometheus-1"", ""NetIO"": ""99.3kB / 3.92kB"", ""PIDs"": ""17""}"
2026-06-30T02:46:21.938838+00:00,7ea344958e6f,tcc-bes-g0-contention-run3-api-1,173.67,1.7367,248512512.0,16503411834.88,1.51,628000.0,829000.0,0.0,53200.0,92,"{""BlockIO"": ""0B / 53.2kB"", ""CPUPerc"": ""173.67%"", ""Container"": ""7ea344958e6f"", ""ID"": ""7ea344958e6f"", ""MemPerc"": ""1.51%"", ""MemUsage"": ""237MiB / 15.37GiB"", ""Name"": ""tcc-bes-g0-contention-run3-api-1"", ""NetIO"": ""628kB / 829kB"", ""PIDs"": ""92""}"
2026-06-30T02:46:21.938838+00:00,9d5aa598ec35,tcc-bes-g0-contention-run3-postgres-1,27.76,0.2776,61278781.44,16503411834.88,0.37,590000.0,511000.0,0.0,54700000.0,16,"{""BlockIO"": ""0B / 54.7MB"", ""CPUPerc"": ""27.76%"", ""Container"": ""9d5aa598ec35"", ""ID"": ""9d5aa598ec35"", ""MemPerc"": ""0.37%"", ""MemUsage"": ""58.44MiB / 15.37GiB"", ""Name"": ""tcc-bes-g0-contention-run3-postgres-1"", ""NetIO"": ""590kB / 511kB"", ""PIDs"": ""16""}"
2026-06-30T02:46:21.938838+00:00,3b258cd04d0c,tcc-bes-g0-contention-run3-cadvisor-1,2.68,0.0268,21516779.52,16503411834.88,0.13,4170.0,37800.0,0.0,0.0,18,"{""BlockIO"": ""0B / 0B"", ""CPUPerc"": ""2.68%"", ""Container"": ""3b258cd04d0c"", ""ID"": ""3b258cd04d0c"", ""MemPerc"": ""0.13%"", ""MemUsage"": ""20.52MiB / 15.37GiB"", ""Name"": ""tcc-bes-g0-contention-run3-cadvisor-1"", ""NetIO"": ""4.17kB / 37.8kB"", ""PIDs"": ""18""}"
2026-06-30T02:46:26.132791+00:00,1b838d92b099,tcc-bes-g0-contention-run3-grafana-1,0.09,0.0009,57430507.52,16503411834.88,0.35,25200.0,4610.0,98300.0,23900000.0,22,"{""BlockIO"": ""98.3kB / 23.9MB"", ""CPUPerc"": ""0.09%"", ""Container"": ""1b838d92b099"", ""ID"": ""1b838d92b099"", ""MemPerc"": ""0.35%"", ""MemUsage"": ""54.77MiB / 15.37GiB"", ""Name"": ""tcc-bes-g0-contention-run3-grafana-1"", ""NetIO"": ""25.2kB / 4.61kB"", ""PIDs"": ""22""}"
2026-06-30T02:46:26.132791+00:00,233b69edb61c,tcc-bes-g0-contention-run3-prometheus-1,0.0,0.0,26508001.28,16503411834.88,0.16,99300.0,3920.0,352000.0,61400.0,17,"{""BlockIO"": ""352kB / 61.4kB"", ""CPUPerc"": ""0.00%"", ""Container"": ""233b69edb61c"", ""ID"": ""233b69edb61c"", ""MemPerc"": ""0.16%"", ""MemUsage"": ""25.28MiB / 15.37GiB"", ""Name"": ""tcc-bes-g0-contention-run3-prometheus-1"", ""NetIO"": ""99.3kB / 3.92kB"", ""PIDs"": ""17""}"
2026-06-30T02:46:26.132791+00:00,7ea344958e6f,tcc-bes-g0-contention-run3-api-1,36.86,0.3686,253755392.0,16503411834.88,1.54,1070000.0,1370000.0,0.0,53200.0,87,"{""BlockIO"": ""0B / 53.2kB"", ""CPUPerc"": ""36.86%"", ""Container"": ""7ea344958e6f"", ""ID"": ""7ea344958e6f"", ""MemPerc"": ""1.54%"", ""MemUsage"": ""242MiB / 15.37GiB"", ""Name"": ""tcc-bes-g0-contention-run3-api-1"", ""NetIO"": ""1.07MB / 1.37MB"", ""PIDs"": ""87""}"
2026-06-30T02:46:26.132791+00:00,9d5aa598ec35,tcc-bes-g0-contention-run3-postgres-1,8.77,0.0877,64791511.04,16503411834.88,0.39,947000.0,833000.0,0.0,56000000.0,16,"{""BlockIO"": ""0B / 56MB"", ""CPUPerc"": ""8.77%"", ""Container"": ""9d5aa598ec35"", ""ID"": ""9d5aa598ec35"", ""MemPerc"": ""0.39%"", ""MemUsage"": ""61.79MiB / 15.37GiB"", ""Name"": ""tcc-bes-g0-contention-run3-postgres-1"", ""NetIO"": ""947kB / 833kB"", ""PIDs"": ""16""}"
2026-06-30T02:46:26.132791+00:00,3b258cd04d0c,tcc-bes-g0-contention-run3-cadvisor-1,0.83,0.0083,21170749.44,16503411834.88,0.13,4170.0,37800.0,0.0,0.0,18,"{""BlockIO"": ""0B / 0B"", ""CPUPerc"": ""0.83%"", ""Container"": ""3b258cd04d0c"", ""ID"": ""3b258cd04d0c"", ""MemPerc"": ""0.13%"", ""MemUsage"": ""20.19MiB / 15.37GiB"", ""Name"": ""tcc-bes-g0-contention-run3-cadvisor-1"", ""NetIO"": ""4.17kB / 37.8kB"", ""PIDs"": ""18""}"
2026-06-30T02:46:29.622652+00:00,1b838d92b099,tcc-bes-g0-contention-run3-grafana-1,0.04,0.0004,57430507.52,16503411834.88,0.35,25200.0,4610.0,98300.0,23900000.0,22,"{""BlockIO"": ""98.3kB / 23.9MB"", ""CPUPerc"": ""0.04%"", ""Container"": ""1b838d92b099"", ""ID"": ""1b838d92b099"", ""MemPerc"": ""0.35%"", ""MemUsage"": ""54.77MiB / 15.37GiB"", ""Name"": ""tcc-bes-g0-contention-run3-grafana-1"", ""NetIO"": ""25.2kB / 4.61kB"", ""PIDs"": ""22""}"
2026-06-30T02:46:29.622652+00:00,233b69edb61c,tcc-bes-g0-contention-run3-prometheus-1,0.0,0.0,26508001.28,16503411834.88,0.16,99300.0,3920.0,352000.0,61400.0,17,"{""BlockIO"": ""352kB / 61.4kB"", ""CPUPerc"": ""0.00%"", ""Container"": ""233b69edb61c"", ""ID"": ""233b69edb61c"", ""MemPerc"": ""0.16%"", ""MemUsage"": ""25.28MiB / 15.37GiB"", ""Name"": ""tcc-bes-g0-contention-run3-prometheus-1"", ""NetIO"": ""99.3kB / 3.92kB"", ""PIDs"": ""17""}"
2026-06-30T02:46:29.622652+00:00,7ea344958e6f,tcc-bes-g0-contention-run3-api-1,47.54,0.4754,257215692.8,16503411834.88,1.56,1440000.0,1850000.0,0.0,53200.0,89,"{""BlockIO"": ""0B / 53.2kB"", ""CPUPerc"": ""47.54%"", ""Container"": ""7ea344958e6f"", ""ID"": ""7ea344958e6f"", ""MemPerc"": ""1.56%"", ""MemUsage"": ""245.3MiB / 15.37GiB"", ""Name"": ""tcc-bes-g0-contention-run3-api-1"", ""NetIO"": ""1.44MB / 1.85MB"", ""PIDs"": ""89""}"
2026-06-30T02:46:29.622652+00:00,9d5aa598ec35,tcc-bes-g0-contention-run3-postgres-1,6.0,0.06,63879249.92,16503411834.88,0.39,1240000.0,1100000.0,0.0,56900000.0,16,"{""BlockIO"": ""0B / 56.9MB"", ""CPUPerc"": ""6.00%"", ""Container"": ""9d5aa598ec35"", ""ID"": ""9d5aa598ec35"", ""MemPerc"": ""0.39%"", ""MemUsage"": ""60.92MiB / 15.37GiB"", ""Name"": ""tcc-bes-g0-contention-run3-postgres-1"", ""NetIO"": ""1.24MB / 1.1MB"", ""PIDs"": ""16""}"
2026-06-30T02:46:29.622652+00:00,3b258cd04d0c,tcc-bes-g0-contention-run3-cadvisor-1,0.65,0.006500000000000001,21485322.24,16503411834.88,0.13,4170.0,37800.0,0.0,0.0,18,"{""BlockIO"": ""0B / 0B"", ""CPUPerc"": ""0.65%"", ""Container"": ""3b258cd04d0c"", ""ID"": ""3b258cd04d0c"", ""MemPerc"": ""0.13%"", ""MemUsage"": ""20.49MiB / 15.37GiB"", ""Name"": ""tcc-bes-g0-contention-run3-cadvisor-1"", ""NetIO"": ""4.17kB / 37.8kB"", ""PIDs"": ""18""}"
2026-06-30T02:46:33.735331+00:00,1b838d92b099,tcc-bes-g0-contention-run3-grafana-1,0.04,0.0004,57430507.52,16503411834.88,0.35,25200.0,4610.0,98300.0,23900000.0,22,"{""BlockIO"": ""98.3kB / 23.9MB"", ""CPUPerc"": ""0.04%"", ""Container"": ""1b838d92b099"", ""ID"": ""1b838d92b099"", ""MemPerc"": ""0.35%"", ""MemUsage"": ""54.77MiB / 15.37GiB"", ""Name"": ""tcc-bes-g0-contention-run3-grafana-1"", ""NetIO"": ""25.2kB / 4.61kB"", ""PIDs"": ""22""}"
2026-06-30T02:46:33.735331+00:00,233b69edb61c,tcc-bes-g0-contention-run3-prometheus-1,0.53,0.0053,26906460.16,16503411834.88,0.16,118000.0,4600.0,352000.0,77800.0,17,"{""BlockIO"": ""352kB / 77.8kB"", ""CPUPerc"": ""0.53%"", ""Container"": ""233b69edb61c"", ""ID"": ""233b69edb61c"", ""MemPerc"": ""0.16%"", ""MemUsage"": ""25.66MiB / 15.37GiB"", ""Name"": ""tcc-bes-g0-contention-run3-prometheus-1"", ""NetIO"": ""118kB / 4.6kB"", ""PIDs"": ""17""}"
2026-06-30T02:46:33.735331+00:00,7ea344958e6f,tcc-bes-g0-contention-run3-api-1,31.93,0.3193,257635123.2,16503411834.88,1.56,1810000.0,2320000.0,0.0,69600.0,86,"{""BlockIO"": ""0B / 69.6kB"", ""CPUPerc"": ""31.93%"", ""Container"": ""7ea344958e6f"", ""ID"": ""7ea344958e6f"", ""MemPerc"": ""1.56%"", ""MemUsage"": ""245.7MiB / 15.37GiB"", ""Name"": ""tcc-bes-g0-contention-run3-api-1"", ""NetIO"": ""1.81MB / 2.32MB"", ""PIDs"": ""86""}"
2026-06-30T02:46:33.735331+00:00,9d5aa598ec35,tcc-bes-g0-contention-run3-postgres-1,5.67,0.0567,64403537.92,16503411834.88,0.39,1540000.0,1360000.0,0.0,57800000.0,16,"{""BlockIO"": ""0B / 57.8MB"", ""CPUPerc"": ""5.67%"", ""Container"": ""9d5aa598ec35"", ""ID"": ""9d5aa598ec35"", ""MemPerc"": ""0.39%"", ""MemUsage"": ""61.42MiB / 15.37GiB"", ""Name"": ""tcc-bes-g0-contention-run3-postgres-1"", ""NetIO"": ""1.54MB / 1.36MB"", ""PIDs"": ""16""}"
2026-06-30T02:46:33.735331+00:00,3b258cd04d0c,tcc-bes-g0-contention-run3-cadvisor-1,3.22,0.0322,22974300.16,16503411834.88,0.14,4860.0,56700.0,0.0,0.0,19,"{""BlockIO"": ""0B / 0B"", ""CPUPerc"": ""3.22%"", ""Container"": ""3b258cd04d0c"", ""ID"": ""3b258cd04d0c"", ""MemPerc"": ""0.14%"", ""MemUsage"": ""21.91MiB / 15.37GiB"", ""Name"": ""tcc-bes-g0-contention-run3-cadvisor-1"", ""NetIO"": ""4.86kB / 56.7kB"", ""PIDs"": ""19""}"
2026-06-30T02:46:37.930385+00:00,1b838d92b099,tcc-bes-g0-contention-run3-grafana-1,0.11,0.0011,57430507.52,16503411834.88,0.35,25200.0,4610.0,98300.0,23900000.0,22,"{""BlockIO"": ""98.3kB / 23.9MB"", ""CPUPerc"": ""0.11%"", ""Container"": ""1b838d92b099"", ""ID"": ""1b838d92b099"", ""MemPerc"": ""0.35%"", ""MemUsage"": ""54.77MiB / 15.37GiB"", ""Name"": ""tcc-bes-g0-contention-run3-grafana-1"", ""NetIO"": ""25.2kB / 4.61kB"", ""PIDs"": ""22""}"
2026-06-30T02:46:37.930385+00:00,233b69edb61c,tcc-bes-g0-contention-run3-prometheus-1,0.0,0.0,26916945.92,16503411834.88,0.16,152000.0,5490.0,352000.0,77800.0,17,"{""BlockIO"": ""352kB / 77.8kB"", ""CPUPerc"": ""0.00%"", ""Container"": ""233b69edb61c"", ""ID"": ""233b69edb61c"", ""MemPerc"": ""0.16%"", ""MemUsage"": ""25.67MiB / 15.37GiB"", ""Name"": ""tcc-bes-g0-contention-run3-prometheus-1"", ""NetIO"": ""152kB / 5.49kB"", ""PIDs"": ""17""}"
2026-06-30T02:46:37.930385+00:00,7ea344958e6f,tcc-bes-g0-contention-run3-api-1,34.76,0.34759999999999996,259103129.6,16503411834.88,1.57,2190000.0,2830000.0,0.0,69600.0,90,"{""BlockIO"": ""0B / 69.6kB"", ""CPUPerc"": ""34.76%"", ""Container"": ""7ea344958e6f"", ""ID"": ""7ea344958e6f"", ""MemPerc"": ""1.57%"", ""MemUsage"": ""247.1MiB / 15.37GiB"", ""Name"": ""tcc-bes-g0-contention-run3-api-1"", ""NetIO"": ""2.19MB / 2.83MB"", ""PIDs"": ""90""}"
2026-06-30T02:46:37.930385+00:00,9d5aa598ec35,tcc-bes-g0-contention-run3-postgres-1,8.78,0.08779999999999999,64393052.16,16503411834.88,0.39,1760000.0,1560000.0,0.0,58500000.0,16,"{""BlockIO"": ""0B / 58.5MB"", ""CPUPerc"": ""8.78%"", ""Container"": ""9d5aa598ec35"", ""ID"": ""9d5aa598ec35"", ""MemPerc"": ""0.39%"", ""MemUsage"": ""61.41MiB / 15.37GiB"", ""Name"": ""tcc-bes-g0-contention-run3-postgres-1"", ""NetIO"": ""1.76MB / 1.56MB"", ""PIDs"": ""16""}"
2026-06-30T02:46:37.930385+00:00,3b258cd04d0c,tcc-bes-g0-contention-run3-cadvisor-1,0.94,0.009399999999999999,23016243.2,16503411834.88,0.14,4860.0,56700.0,0.0,0.0,19,"{""BlockIO"": ""0B / 0B"", ""CPUPerc"": ""0.94%"", ""Container"": ""3b258cd04d0c"", ""ID"": ""3b258cd04d0c"", ""MemPerc"": ""0.14%"", ""MemUsage"": ""21.95MiB / 15.37GiB"", ""Name"": ""tcc-bes-g0-contention-run3-cadvisor-1"", ""NetIO"": ""4.86kB / 56.7kB"", ""PIDs"": ""19""}"
2026-06-30T02:46:42.133871+00:00,1b838d92b099,tcc-bes-g0-contention-run3-grafana-1,0.07,0.0007000000000000001,57430507.52,16503411834.88,0.35,25500.0,4880.0,98300.0,23900000.0,22,"{""BlockIO"": ""98.3kB / 23.9MB"", ""CPUPerc"": ""0.07%"", ""Container"": ""1b838d92b099"", ""ID"": ""1b838d92b099"", ""MemPerc"": ""0.35%"", ""MemUsage"": ""54.77MiB / 15.37GiB"", ""Name"": ""tcc-bes-g0-contention-run3-grafana-1"", ""NetIO"": ""25.5kB / 4.88kB"", ""PIDs"": ""22""}"
2026-06-30T02:46:42.133871+00:00,233b69edb61c,tcc-bes-g0-contention-run3-prometheus-1,0.06,0.0006,26916945.92,16503411834.88,0.16,152000.0,5490.0,352000.0,77800.0,17,"{""BlockIO"": ""352kB / 77.8kB"", ""CPUPerc"": ""0.06%"", ""Container"": ""233b69edb61c"", ""ID"": ""233b69edb61c"", ""MemPerc"": ""0.16%"", ""MemUsage"": ""25.67MiB / 15.37GiB"", ""Name"": ""tcc-bes-g0-contention-run3-prometheus-1"", ""NetIO"": ""152kB / 5.49kB"", ""PIDs"": ""17""}"
2026-06-30T02:46:42.133871+00:00,7ea344958e6f,tcc-bes-g0-contention-run3-api-1,24.06,0.24059999999999998,259627417.6,16503411834.88,1.57,2560000.0,3300000.0,0.0,69600.0,88,"{""BlockIO"": ""0B / 69.6kB"", ""CPUPerc"": ""24.06%"", ""Container"": ""7ea344958e6f"", ""ID"": ""7ea344958e6f"", ""MemPerc"": ""1.57%"", ""MemUsage"": ""247.6MiB / 15.37GiB"", ""Name"": ""tcc-bes-g0-contention-run3-api-1"", ""NetIO"": ""2.56MB / 3.3MB"", ""PIDs"": ""88""}"
2026-06-30T02:46:42.133871+00:00,9d5aa598ec35,tcc-bes-g0-contention-run3-postgres-1,11.14,0.1114,64277708.8,16503411834.88,0.39,2120000.0,1890000.0,0.0,59600000.0,16,"{""BlockIO"": ""0B / 59.6MB"", ""CPUPerc"": ""11.14%"", ""Container"": ""9d5aa598ec35"", ""ID"": ""9d5aa598ec35"", ""MemPerc"": ""0.39%"", ""MemUsage"": ""61.3MiB / 15.37GiB"", ""Name"": ""tcc-bes-g0-contention-run3-postgres-1"", ""NetIO"": ""2.12MB / 1.89MB"", ""PIDs"": ""16""}"
2026-06-30T02:46:42.133871+00:00,3b258cd04d0c,tcc-bes-g0-contention-run3-cadvisor-1,1.09,0.0109,22491955.2,16503411834.88,0.14,4860.0,56700.0,0.0,0.0,19,"{""BlockIO"": ""0B / 0B"", ""CPUPerc"": ""1.09%"", ""Container"": ""3b258cd04d0c"", ""ID"": ""3b258cd04d0c"", ""MemPerc"": ""0.14%"", ""MemUsage"": ""21.45MiB / 15.37GiB"", ""Name"": ""tcc-bes-g0-contention-run3-cadvisor-1"", ""NetIO"": ""4.86kB / 56.7kB"", ""PIDs"": ""19""}"
2026-06-30T02:46:46.299719+00:00,1b838d92b099,tcc-bes-g0-contention-run3-grafana-1,0.08,0.0008,57430507.52,16503411834.88,0.35,25500.0,4880.0,98300.0,23900000.0,22,"{""BlockIO"": ""98.3kB / 23.9MB"", ""CPUPerc"": ""0.08%"", ""Container"": ""1b838d92b099"", ""ID"": ""1b838d92b099"", ""MemPerc"": ""0.35%"", ""MemUsage"": ""54.77MiB / 15.37GiB"", ""Name"": ""tcc-bes-g0-contention-run3-grafana-1"", ""NetIO"": ""25.5kB / 4.88kB"", ""PIDs"": ""22""}"
2026-06-30T02:46:46.299719+00:00,233b69edb61c,tcc-bes-g0-contention-run3-prometheus-1,0.0,0.0,26916945.92,16503411834.88,0.16,152000.0,5490.0,352000.0,77800.0,17,"{""BlockIO"": ""352kB / 77.8kB"", ""CPUPerc"": ""0.00%"", ""Container"": ""233b69edb61c"", ""ID"": ""233b69edb61c"", ""MemPerc"": ""0.16%"", ""MemUsage"": ""25.67MiB / 15.37GiB"", ""Name"": ""tcc-bes-g0-contention-run3-prometheus-1"", ""NetIO"": ""152kB / 5.49kB"", ""PIDs"": ""17""}"
2026-06-30T02:46:46.299719+00:00,7ea344958e6f,tcc-bes-g0-contention-run3-api-1,31.92,0.31920000000000004,260151705.6,16503411834.88,1.58,2930000.0,3770000.0,0.0,69600.0,86,"{""BlockIO"": ""0B / 69.6kB"", ""CPUPerc"": ""31.92%"", ""Container"": ""7ea344958e6f"", ""ID"": ""7ea344958e6f"", ""MemPerc"": ""1.58%"", ""MemUsage"": ""248.1MiB / 15.37GiB"", ""Name"": ""tcc-bes-g0-contention-run3-api-1"", ""NetIO"": ""2.93MB / 3.77MB"", ""PIDs"": ""86""}"
2026-06-30T02:46:46.299719+00:00,9d5aa598ec35,tcc-bes-g0-contention-run3-postgres-1,5.92,0.0592,66626519.04,16503411834.88,0.4,2420000.0,2150000.0,0.0,60900000.0,16,"{""BlockIO"": ""0B / 60.9MB"", ""CPUPerc"": ""5.92%"", ""Container"": ""9d5aa598ec35"", ""ID"": ""9d5aa598ec35"", ""MemPerc"": ""0.40%"", ""MemUsage"": ""63.54MiB / 15.37GiB"", ""Name"": ""tcc-bes-g0-contention-run3-postgres-1"", ""NetIO"": ""2.42MB / 2.15MB"", ""PIDs"": ""16""}"
2026-06-30T02:46:46.299719+00:00,3b258cd04d0c,tcc-bes-g0-contention-run3-cadvisor-1,0.7,0.006999999999999999,24494735.36,16503411834.88,0.15,4860.0,56700.0,0.0,0.0,19,"{""BlockIO"": ""0B / 0B"", ""CPUPerc"": ""0.70%"", ""Container"": ""3b258cd04d0c"", ""ID"": ""3b258cd04d0c"", ""MemPerc"": ""0.15%"", ""MemUsage"": ""23.36MiB / 15.37GiB"", ""Name"": ""tcc-bes-g0-contention-run3-cadvisor-1"", ""NetIO"": ""4.86kB / 56.7kB"", ""PIDs"": ""19""}"
2026-06-30T02:46:49.671145+00:00,1b838d92b099,tcc-bes-g0-contention-run3-grafana-1,1.13,0.0113,57545850.88,16503411834.88,0.35,25500.0,4880.0,98300.0,23900000.0,22,"{""BlockIO"": ""98.3kB / 23.9MB"", ""CPUPerc"": ""1.13%"", ""Container"": ""1b838d92b099"", ""ID"": ""1b838d92b099"", ""MemPerc"": ""0.35%"", ""MemUsage"": ""54.88MiB / 15.37GiB"", ""Name"": ""tcc-bes-g0-contention-run3-grafana-1"", ""NetIO"": ""25.5kB / 4.88kB"", ""PIDs"": ""22""}"
2026-06-30T02:46:49.671145+00:00,233b69edb61c,tcc-bes-g0-contention-run3-prometheus-1,0.0,0.0,26916945.92,16503411834.88,0.16,171000.0,6180.0,352000.0,111000.0,17,"{""BlockIO"": ""352kB / 111kB"", ""CPUPerc"": ""0.00%"", ""Container"": ""233b69edb61c"", ""ID"": ""233b69edb61c"", ""MemPerc"": ""0.16%"", ""MemUsage"": ""25.67MiB / 15.37GiB"", ""Name"": ""tcc-bes-g0-contention-run3-prometheus-1"", ""NetIO"": ""171kB / 6.18kB"", ""PIDs"": ""17""}"
2026-06-30T02:46:49.671145+00:00,7ea344958e6f,tcc-bes-g0-contention-run3-api-1,38.5,0.385,260256563.2,16503411834.88,1.58,3290000.0,4230000.0,0.0,86000.0,87,"{""BlockIO"": ""0B / 86kB"", ""CPUPerc"": ""38.50%"", ""Container"": ""7ea344958e6f"", ""ID"": ""7ea344958e6f"", ""MemPerc"": ""1.58%"", ""MemUsage"": ""248.2MiB / 15.37GiB"", ""Name"": ""tcc-bes-g0-contention-run3-api-1"", ""NetIO"": ""3.29MB / 4.23MB"", ""PIDs"": ""87""}"
2026-06-30T02:46:49.671145+00:00,9d5aa598ec35,tcc-bes-g0-contention-run3-postgres-1,9.15,0.0915,66532147.2,16503411834.88,0.4,2700000.0,2400000.0,0.0,61900000.0,16,"{""BlockIO"": ""0B / 61.9MB"", ""CPUPerc"": ""9.15%"", ""Container"": ""9d5aa598ec35"", ""ID"": ""9d5aa598ec35"", ""MemPerc"": ""0.40%"", ""MemUsage"": ""63.45MiB / 15.37GiB"", ""Name"": ""tcc-bes-g0-contention-run3-postgres-1"", ""NetIO"": ""2.7MB / 2.4MB"", ""PIDs"": ""16""}"
2026-06-30T02:46:49.671145+00:00,3b258cd04d0c,tcc-bes-g0-contention-run3-cadvisor-1,0.95,0.0095,25438453.76,16503411834.88,0.15,5540.0,75700.0,0.0,0.0,21,"{""BlockIO"": ""0B / 0B"", ""CPUPerc"": ""0.95%"", ""Container"": ""3b258cd04d0c"", ""ID"": ""3b258cd04d0c"", ""MemPerc"": ""0.15%"", ""MemUsage"": ""24.26MiB / 15.37GiB"", ""Name"": ""tcc-bes-g0-contention-run3-cadvisor-1"", ""NetIO"": ""5.54kB / 75.7kB"", ""PIDs"": ""21""}"
2026-06-30T02:46:53.760681+00:00,1b838d92b099,tcc-bes-g0-contention-run3-grafana-1,0.04,0.0004,57545850.88,16503411834.88,0.35,25500.0,4880.0,98300.0,23900000.0,22,"{""BlockIO"": ""98.3kB / 23.9MB"", ""CPUPerc"": ""0.04%"", ""Container"": ""1b838d92b099"", ""ID"": ""1b838d92b099"", ""MemPerc"": ""0.35%"", ""MemUsage"": ""54.88MiB / 15.37GiB"", ""Name"": ""tcc-bes-g0-contention-run3-grafana-1"", ""NetIO"": ""25.5kB / 4.88kB"", ""PIDs"": ""22""}"
2026-06-30T02:46:53.760681+00:00,233b69edb61c,tcc-bes-g0-contention-run3-prometheus-1,0.0,0.0,26916945.92,16503411834.88,0.16,205000.0,7070.0,352000.0,111000.0,17,"{""BlockIO"": ""352kB / 111kB"", ""CPUPerc"": ""0.00%"", ""Container"": ""233b69edb61c"", ""ID"": ""233b69edb61c"", ""MemPerc"": ""0.16%"", ""MemUsage"": ""25.67MiB / 15.37GiB"", ""Name"": ""tcc-bes-g0-contention-run3-prometheus-1"", ""NetIO"": ""205kB / 7.07kB"", ""PIDs"": ""17""}"
2026-06-30T02:46:53.760681+00:00,7ea344958e6f,tcc-bes-g0-contention-run3-api-1,22.78,0.2278,260990566.4,16503411834.88,1.58,3660000.0,4730000.0,0.0,86000.0,86,"{""BlockIO"": ""0B / 86kB"", ""CPUPerc"": ""22.78%"", ""Container"": ""7ea344958e6f"", ""ID"": ""7ea344958e6f"", ""MemPerc"": ""1.58%"", ""MemUsage"": ""248.9MiB / 15.37GiB"", ""Name"": ""tcc-bes-g0-contention-run3-api-1"", ""NetIO"": ""3.66MB / 4.73MB"", ""PIDs"": ""86""}"
2026-06-30T02:46:53.760681+00:00,9d5aa598ec35,tcc-bes-g0-contention-run3-postgres-1,5.01,0.0501,66416803.84,16503411834.88,0.4,2990000.0,2660000.0,0.0,62800000.0,16,"{""BlockIO"": ""0B / 62.8MB"", ""CPUPerc"": ""5.01%"", ""Container"": ""9d5aa598ec35"", ""ID"": ""9d5aa598ec35"", ""MemPerc"": ""0.40%"", ""MemUsage"": ""63.34MiB / 15.37GiB"", ""Name"": ""tcc-bes-g0-contention-run3-postgres-1"", ""NetIO"": ""2.99MB / 2.66MB"", ""PIDs"": ""16""}"
2026-06-30T02:46:53.760681+00:00,3b258cd04d0c,tcc-bes-g0-contention-run3-cadvisor-1,0.73,0.0073,25732055.04,16503411834.88,0.16,5540.0,75700.0,0.0,0.0,21,"{""BlockIO"": ""0B / 0B"", ""CPUPerc"": ""0.73%"", ""Container"": ""3b258cd04d0c"", ""ID"": ""3b258cd04d0c"", ""MemPerc"": ""0.16%"", ""MemUsage"": ""24.54MiB / 15.37GiB"", ""Name"": ""tcc-bes-g0-contention-run3-cadvisor-1"", ""NetIO"": ""5.54kB / 75.7kB"", ""PIDs"": ""21""}"
2026-06-30T02:46:57.950834+00:00,1b838d92b099,tcc-bes-g0-contention-run3-grafana-1,0.16,0.0016,57545850.88,16503411834.88,0.35,25500.0,4880.0,98300.0,23900000.0,22,"{""BlockIO"": ""98.3kB / 23.9MB"", ""CPUPerc"": ""0.16%"", ""Container"": ""1b838d92b099"", ""ID"": ""1b838d92b099"", ""MemPerc"": ""0.35%"", ""MemUsage"": ""54.88MiB / 15.37GiB"", ""Name"": ""tcc-bes-g0-contention-run3-grafana-1"", ""NetIO"": ""25.5kB / 4.88kB"", ""PIDs"": ""22""}"
2026-06-30T02:46:57.950834+00:00,233b69edb61c,tcc-bes-g0-contention-run3-prometheus-1,0.0,0.0,26927431.68,16503411834.88,0.16,205000.0,7110.0,352000.0,111000.0,17,"{""BlockIO"": ""352kB / 111kB"", ""CPUPerc"": ""0.00%"", ""Container"": ""233b69edb61c"", ""ID"": ""233b69edb61c"", ""MemPerc"": ""0.16%"", ""MemUsage"": ""25.68MiB / 15.37GiB"", ""Name"": ""tcc-bes-g0-contention-run3-prometheus-1"", ""NetIO"": ""205kB / 7.11kB"", ""PIDs"": ""17""}"
2026-06-30T02:46:57.950834+00:00,7ea344958e6f,tcc-bes-g0-contention-run3-api-1,61.4,0.614,261095424.0,16503411834.88,1.58,4040000.0,5200000.0,0.0,86000.0,87,"{""BlockIO"": ""0B / 86kB"", ""CPUPerc"": ""61.40%"", ""Container"": ""7ea344958e6f"", ""ID"": ""7ea344958e6f"", ""MemPerc"": ""1.58%"", ""MemUsage"": ""249MiB / 15.37GiB"", ""Name"": ""tcc-bes-g0-contention-run3-api-1"", ""NetIO"": ""4.04MB / 5.2MB"", ""PIDs"": ""87""}"
2026-06-30T02:46:57.950834+00:00,9d5aa598ec35,tcc-bes-g0-contention-run3-postgres-1,11.82,0.1182,66972549.12,16503411834.88,0.41,3280000.0,2930000.0,0.0,63800000.0,16,"{""BlockIO"": ""0B / 63.8MB"", ""CPUPerc"": ""11.82%"", ""Container"": ""9d5aa598ec35"", ""ID"": ""9d5aa598ec35"", ""MemPerc"": ""0.41%"", ""MemUsage"": ""63.87MiB / 15.37GiB"", ""Name"": ""tcc-bes-g0-contention-run3-postgres-1"", ""NetIO"": ""3.28MB / 2.93MB"", ""PIDs"": ""16""}"
2026-06-30T02:46:57.950834+00:00,3b258cd04d0c,tcc-bes-g0-contention-run3-cadvisor-1,1.2,0.012,26256343.04,16503411834.88,0.16,5540.0,75700.0,0.0,0.0,21,"{""BlockIO"": ""0B / 0B"", ""CPUPerc"": ""1.20%"", ""Container"": ""3b258cd04d0c"", ""ID"": ""3b258cd04d0c"", ""MemPerc"": ""0.16%"", ""MemUsage"": ""25.04MiB / 15.37GiB"", ""Name"": ""tcc-bes-g0-contention-run3-cadvisor-1"", ""NetIO"": ""5.54kB / 75.7kB"", ""PIDs"": ""21""}"
2026-06-30T02:47:02.156972+00:00,1b838d92b099,tcc-bes-g0-contention-run3-grafana-1,0.1,0.001,57545850.88,16503411834.88,0.35,25500.0,4880.0,98300.0,23900000.0,22,"{""BlockIO"": ""98.3kB / 23.9MB"", ""CPUPerc"": ""0.10%"", ""Container"": ""1b838d92b099"", ""ID"": ""1b838d92b099"", ""MemPerc"": ""0.35%"", ""MemUsage"": ""54.88MiB / 15.37GiB"", ""Name"": ""tcc-bes-g0-contention-run3-grafana-1"", ""NetIO"": ""25.5kB / 4.88kB"", ""PIDs"": ""22""}"
2026-06-30T02:47:02.156972+00:00,233b69edb61c,tcc-bes-g0-contention-run3-prometheus-1,0.06,0.0006,26927431.68,16503411834.88,0.16,205000.0,7110.0,352000.0,111000.0,17,"{""BlockIO"": ""352kB / 111kB"", ""CPUPerc"": ""0.06%"", ""Container"": ""233b69edb61c"", ""ID"": ""233b69edb61c"", ""MemPerc"": ""0.16%"", ""MemUsage"": ""25.68MiB / 15.37GiB"", ""Name"": ""tcc-bes-g0-contention-run3-prometheus-1"", ""NetIO"": ""205kB / 7.11kB"", ""PIDs"": ""17""}"
2026-06-30T02:47:02.156972+00:00,7ea344958e6f,tcc-bes-g0-contention-run3-api-1,49.38,0.4938,261409996.8,16503411834.88,1.58,4410000.0,5670000.0,0.0,86000.0,88,"{""BlockIO"": ""0B / 86kB"", ""CPUPerc"": ""49.38%"", ""Container"": ""7ea344958e6f"", ""ID"": ""7ea344958e6f"", ""MemPerc"": ""1.58%"", ""MemUsage"": ""249.3MiB / 15.37GiB"", ""Name"": ""tcc-bes-g0-contention-run3-api-1"", ""NetIO"": ""4.41MB / 5.67MB"", ""PIDs"": ""88""}"
2026-06-30T02:47:02.156972+00:00,9d5aa598ec35,tcc-bes-g0-contention-run3-postgres-1,18.39,0.1839,68010639.36,16503411834.88,0.41,3570000.0,3190000.0,0.0,64700000.0,16,"{""BlockIO"": ""0B / 64.7MB"", ""CPUPerc"": ""18.39%"", ""Container"": ""9d5aa598ec35"", ""ID"": ""9d5aa598ec35"", ""MemPerc"": ""0.41%"", ""MemUsage"": ""64.86MiB / 15.37GiB"", ""Name"": ""tcc-bes-g0-contention-run3-postgres-1"", ""NetIO"": ""3.57MB / 3.19MB"", ""PIDs"": ""16""}"
2026-06-30T02:47:02.156972+00:00,3b258cd04d0c,tcc-bes-g0-contention-run3-cadvisor-1,1.18,0.0118,26487029.76,16503411834.88,0.16,5540.0,75700.0,0.0,0.0,21,"{""BlockIO"": ""0B / 0B"", ""CPUPerc"": ""1.18%"", ""Container"": ""3b258cd04d0c"", ""ID"": ""3b258cd04d0c"", ""MemPerc"": ""0.16%"", ""MemUsage"": ""25.26MiB / 15.37GiB"", ""Name"": ""tcc-bes-g0-contention-run3-cadvisor-1"", ""NetIO"": ""5.54kB / 75.7kB"", ""PIDs"": ""21""}"
2026-06-30T02:47:06.381240+00:00,1b838d92b099,tcc-bes-g0-contention-run3-grafana-1,0.04,0.0004,57545850.88,16503411834.88,0.35,25500.0,4880.0,98300.0,23900000.0,22,"{""BlockIO"": ""98.3kB / 23.9MB"", ""CPUPerc"": ""0.04%"", ""Container"": ""1b838d92b099"", ""ID"": ""1b838d92b099"", ""MemPerc"": ""0.35%"", ""MemUsage"": ""54.88MiB / 15.37GiB"", ""Name"": ""tcc-bes-g0-contention-run3-grafana-1"", ""NetIO"": ""25.5kB / 4.88kB"", ""PIDs"": ""22""}"
2026-06-30T02:47:06.381240+00:00,233b69edb61c,tcc-bes-g0-contention-run3-prometheus-1,0.0,0.0,26937917.44,16503411834.88,0.16,258000.0,8690.0,352000.0,127000.0,17,"{""BlockIO"": ""352kB / 127kB"", ""CPUPerc"": ""0.00%"", ""Container"": ""233b69edb61c"", ""ID"": ""233b69edb61c"", ""MemPerc"": ""0.16%"", ""MemUsage"": ""25.69MiB / 15.37GiB"", ""Name"": ""tcc-bes-g0-contention-run3-prometheus-1"", ""NetIO"": ""258kB / 8.69kB"", ""PIDs"": ""17""}"
2026-06-30T02:47:06.381240+00:00,7ea344958e6f,tcc-bes-g0-contention-run3-api-1,18.82,0.1882,261409996.8,16503411834.88,1.58,4780000.0,6180000.0,0.0,102000.0,86,"{""BlockIO"": ""0B / 102kB"", ""CPUPerc"": ""18.82%"", ""Container"": ""7ea344958e6f"", ""ID"": ""7ea344958e6f"", ""MemPerc"": ""1.58%"", ""MemUsage"": ""249.3MiB / 15.37GiB"", ""Name"": ""tcc-bes-g0-contention-run3-api-1"", ""NetIO"": ""4.78MB / 6.18MB"", ""PIDs"": ""86""}"
2026-06-30T02:47:06.381240+00:00,9d5aa598ec35,tcc-bes-g0-contention-run3-postgres-1,5.89,0.058899999999999994,68293754.88,16503411834.88,0.41,3870000.0,3450000.0,0.0,67400000.0,16,"{""BlockIO"": ""0B / 67.4MB"", ""CPUPerc"": ""5.89%"", ""Container"": ""9d5aa598ec35"", ""ID"": ""9d5aa598ec35"", ""MemPerc"": ""0.41%"", ""MemUsage"": ""65.13MiB / 15.37GiB"", ""Name"": ""tcc-bes-g0-contention-run3-postgres-1"", ""NetIO"": ""3.87MB / 3.45MB"", ""PIDs"": ""16""}"
2026-06-30T02:47:06.381240+00:00,3b258cd04d0c,tcc-bes-g0-contention-run3-cadvisor-1,0.68,0.0068000000000000005,26906460.16,16503411834.88,0.16,6230.0,94600.0,0.0,0.0,21,"{""BlockIO"": ""0B / 0B"", ""CPUPerc"": ""0.68%"", ""Container"": ""3b258cd04d0c"", ""ID"": ""3b258cd04d0c"", ""MemPerc"": ""0.16%"", ""MemUsage"": ""25.66MiB / 15.37GiB"", ""Name"": ""tcc-bes-g0-contention-run3-cadvisor-1"", ""NetIO"": ""6.23kB / 94.6kB"", ""PIDs"": ""21""}"
2026-06-30T02:47:10.052724+00:00,1b838d92b099,tcc-bes-g0-contention-run3-grafana-1,0.27,0.0027,57724108.8,16503411834.88,0.35,25700.0,5140.0,98300.0,23900000.0,22,"{""BlockIO"": ""98.3kB / 23.9MB"", ""CPUPerc"": ""0.27%"", ""Container"": ""1b838d92b099"", ""ID"": ""1b838d92b099"", ""MemPerc"": ""0.35%"", ""MemUsage"": ""55.05MiB / 15.37GiB"", ""Name"": ""tcc-bes-g0-contention-run3-grafana-1"", ""NetIO"": ""25.7kB / 5.14kB"", ""PIDs"": ""22""}"
2026-06-30T02:47:10.052724+00:00,233b69edb61c,tcc-bes-g0-contention-run3-prometheus-1,0.0,0.0,26937917.44,16503411834.88,0.16,258000.0,8690.0,352000.0,127000.0,17,"{""BlockIO"": ""352kB / 127kB"", ""CPUPerc"": ""0.00%"", ""Container"": ""233b69edb61c"", ""ID"": ""233b69edb61c"", ""MemPerc"": ""0.16%"", ""MemUsage"": ""25.69MiB / 15.37GiB"", ""Name"": ""tcc-bes-g0-contention-run3-prometheus-1"", ""NetIO"": ""258kB / 8.69kB"", ""PIDs"": ""17""}"
2026-06-30T02:47:10.052724+00:00,7ea344958e6f,tcc-bes-g0-contention-run3-api-1,55.4,0.5539999999999999,262248857.6,16503411834.88,1.59,5160000.0,6650000.0,0.0,102000.0,87,"{""BlockIO"": ""0B / 102kB"", ""CPUPerc"": ""55.40%"", ""Container"": ""7ea344958e6f"", ""ID"": ""7ea344958e6f"", ""MemPerc"": ""1.59%"", ""MemUsage"": ""250.1MiB / 15.37GiB"", ""Name"": ""tcc-bes-g0-contention-run3-api-1"", ""NetIO"": ""5.16MB / 6.65MB"", ""PIDs"": ""87""}"
2026-06-30T02:47:10.052724+00:00,9d5aa598ec35,tcc-bes-g0-contention-run3-postgres-1,10.98,0.10980000000000001,68398612.48,16503411834.88,0.41,4150000.0000000005,3710000.0,0.0,68300000.0,16,"{""BlockIO"": ""0B / 68.3MB"", ""CPUPerc"": ""10.98%"", ""Container"": ""9d5aa598ec35"", ""ID"": ""9d5aa598ec35"", ""MemPerc"": ""0.41%"", ""MemUsage"": ""65.23MiB / 15.37GiB"", ""Name"": ""tcc-bes-g0-contention-run3-postgres-1"", ""NetIO"": ""4.15MB / 3.71MB"", ""PIDs"": ""16""}"
2026-06-30T02:47:10.052724+00:00,3b258cd04d0c,tcc-bes-g0-contention-run3-cadvisor-1,0.68,0.0068000000000000005,26927431.68,16503411834.88,0.16,6230.0,94600.0,0.0,0.0,21,"{""BlockIO"": ""0B / 0B"", ""CPUPerc"": ""0.68%"", ""Container"": ""3b258cd04d0c"", ""ID"": ""3b258cd04d0c"", ""MemPerc"": ""0.16%"", ""MemUsage"": ""25.68MiB / 15.37GiB"", ""Name"": ""tcc-bes-g0-contention-run3-cadvisor-1"", ""NetIO"": ""6.23kB / 94.6kB"", ""PIDs"": ""21""}"
2026-06-30T02:47:14.170131+00:00,1b838d92b099,tcc-bes-g0-contention-run3-grafana-1,0.06,0.0006,57724108.8,16503411834.88,0.35,25700.0,5140.0,98300.0,23900000.0,22,"{""BlockIO"": ""98.3kB / 23.9MB"", ""CPUPerc"": ""0.06%"", ""Container"": ""1b838d92b099"", ""ID"": ""1b838d92b099"", ""MemPerc"": ""0.35%"", ""MemUsage"": ""55.05MiB / 15.37GiB"", ""Name"": ""tcc-bes-g0-contention-run3-grafana-1"", ""NetIO"": ""25.7kB / 5.14kB"", ""PIDs"": ""22""}"
2026-06-30T02:47:14.170131+00:00,233b69edb61c,tcc-bes-g0-contention-run3-prometheus-1,0.0,0.0,26937917.44,16503411834.88,0.16,258000.0,8730.0,352000.0,127000.0,17,"{""BlockIO"": ""352kB / 127kB"", ""CPUPerc"": ""0.00%"", ""Container"": ""233b69edb61c"", ""ID"": ""233b69edb61c"", ""MemPerc"": ""0.16%"", ""MemUsage"": ""25.69MiB / 15.37GiB"", ""Name"": ""tcc-bes-g0-contention-run3-prometheus-1"", ""NetIO"": ""258kB / 8.73kB"", ""PIDs"": ""17""}"
2026-06-30T02:47:14.170131+00:00,7ea344958e6f,tcc-bes-g0-contention-run3-api-1,16.74,0.1674,262563430.4,16503411834.88,1.59,5530000.0,7110000.0,0.0,102000.0,87,"{""BlockIO"": ""0B / 102kB"", ""CPUPerc"": ""16.74%"", ""Container"": ""7ea344958e6f"", ""ID"": ""7ea344958e6f"", ""MemPerc"": ""1.59%"", ""MemUsage"": ""250.4MiB / 15.37GiB"", ""Name"": ""tcc-bes-g0-contention-run3-api-1"", ""NetIO"": ""5.53MB / 7.11MB"", ""PIDs"": ""87""}"
2026-06-30T02:47:14.170131+00:00,9d5aa598ec35,tcc-bes-g0-contention-run3-postgres-1,7.03,0.0703,68996300.8,16503411834.88,0.42,4430000.0,3970000.0,0.0,69100000.0,16,"{""BlockIO"": ""0B / 69.1MB"", ""CPUPerc"": ""7.03%"", ""Container"": ""9d5aa598ec35"", ""ID"": ""9d5aa598ec35"", ""MemPerc"": ""0.42%"", ""MemUsage"": ""65.8MiB / 15.37GiB"", ""Name"": ""tcc-bes-g0-contention-run3-postgres-1"", ""NetIO"": ""4.43MB / 3.97MB"", ""PIDs"": ""16""}"
2026-06-30T02:47:14.170131+00:00,3b258cd04d0c,tcc-bes-g0-contention-run3-cadvisor-1,1.07,0.010700000000000001,27200061.44,16503411834.88,0.16,6230.0,94600.0,0.0,0.0,21,"{""BlockIO"": ""0B / 0B"", ""CPUPerc"": ""1.07%"", ""Container"": ""3b258cd04d0c"", ""ID"": ""3b258cd04d0c"", ""MemPerc"": ""0.16%"", ""MemUsage"": ""25.94MiB / 15.37GiB"", ""Name"": ""tcc-bes-g0-contention-run3-cadvisor-1"", ""NetIO"": ""6.23kB / 94.6kB"", ""PIDs"": ""21""}"
2026-06-30T02:47:18.471672+00:00,1b838d92b099,tcc-bes-g0-contention-run3-grafana-1,0.16,0.0016,57724108.8,16503411834.88,0.35,25800.0,5230.0,98300.0,23900000.0,22,"{""BlockIO"": ""98.3kB / 23.9MB"", ""CPUPerc"": ""0.16%"", ""Container"": ""1b838d92b099"", ""ID"": ""1b838d92b099"", ""MemPerc"": ""0.35%"", ""MemUsage"": ""55.05MiB / 15.37GiB"", ""Name"": ""tcc-bes-g0-contention-run3-grafana-1"", ""NetIO"": ""25.8kB / 5.23kB"", ""PIDs"": ""22""}"
2026-06-30T02:47:18.471672+00:00,233b69edb61c,tcc-bes-g0-contention-run3-prometheus-1,0.0,0.0,26937917.44,16503411834.88,0.16,258000.0,8730.0,352000.0,127000.0,17,"{""BlockIO"": ""352kB / 127kB"", ""CPUPerc"": ""0.00%"", ""Container"": ""233b69edb61c"", ""ID"": ""233b69edb61c"", ""MemPerc"": ""0.16%"", ""MemUsage"": ""25.69MiB / 15.37GiB"", ""Name"": ""tcc-bes-g0-contention-run3-prometheus-1"", ""NetIO"": ""258kB / 8.73kB"", ""PIDs"": ""17""}"
2026-06-30T02:47:18.471672+00:00,7ea344958e6f,tcc-bes-g0-contention-run3-api-1,22.8,0.228,262563430.4,16503411834.88,1.59,5880000.0,7550000.0,0.0,119000.0,89,"{""BlockIO"": ""0B / 119kB"", ""CPUPerc"": ""22.80%"", ""Container"": ""7ea344958e6f"", ""ID"": ""7ea344958e6f"", ""MemPerc"": ""1.59%"", ""MemUsage"": ""250.4MiB / 15.37GiB"", ""Name"": ""tcc-bes-g0-contention-run3-api-1"", ""NetIO"": ""5.88MB / 7.55MB"", ""PIDs"": ""89""}"
2026-06-30T02:47:18.471672+00:00,9d5aa598ec35,tcc-bes-g0-contention-run3-postgres-1,10.54,0.1054,68755128.32,16503411834.88,0.42,4700000.0,4220000.0,0.0,70000000.0,16,"{""BlockIO"": ""0B / 70MB"", ""CPUPerc"": ""10.54%"", ""Container"": ""9d5aa598ec35"", ""ID"": ""9d5aa598ec35"", ""MemPerc"": ""0.42%"", ""MemUsage"": ""65.57MiB / 15.37GiB"", ""Name"": ""tcc-bes-g0-contention-run3-postgres-1"", ""NetIO"": ""4.7MB / 4.22MB"", ""PIDs"": ""16""}"
2026-06-30T02:47:18.471672+00:00,3b258cd04d0c,tcc-bes-g0-contention-run3-cadvisor-1,3.45,0.0345,28154265.6,16503411834.88,0.17,6230.0,94600.0,0.0,0.0,22,"{""BlockIO"": ""0B / 0B"", ""CPUPerc"": ""3.45%"", ""Container"": ""3b258cd04d0c"", ""ID"": ""3b258cd04d0c"", ""MemPerc"": ""0.17%"", ""MemUsage"": ""26.85MiB / 15.37GiB"", ""Name"": ""tcc-bes-g0-contention-run3-cadvisor-1"", ""NetIO"": ""6.23kB / 94.6kB"", ""PIDs"": ""22""}"
2026-06-30T02:47:23.600534+00:00,1b838d92b099,tcc-bes-g0-contention-run3-grafana-1,0.1,0.001,57724108.8,16503411834.88,0.35,25800.0,5230.0,98300.0,23900000.0,22,"{""BlockIO"": ""98.3kB / 23.9MB"", ""CPUPerc"": ""0.10%"", ""Container"": ""1b838d92b099"", ""ID"": ""1b838d92b099"", ""MemPerc"": ""0.35%"", ""MemUsage"": ""55.05MiB / 15.37GiB"", ""Name"": ""tcc-bes-g0-contention-run3-grafana-1"", ""NetIO"": ""25.8kB / 5.23kB"", ""PIDs"": ""22""}"
2026-06-30T02:47:23.600534+00:00,233b69edb61c,tcc-bes-g0-contention-run3-prometheus-1,0.0,0.0,26937917.44,16503411834.88,0.16,311000.0,10300.0,352000.0,127000.0,17,"{""BlockIO"": ""352kB / 127kB"", ""CPUPerc"": ""0.00%"", ""Container"": ""233b69edb61c"", ""ID"": ""233b69edb61c"", ""MemPerc"": ""0.16%"", ""MemUsage"": ""25.69MiB / 15.37GiB"", ""Name"": ""tcc-bes-g0-contention-run3-prometheus-1"", ""NetIO"": ""311kB / 10.3kB"", ""PIDs"": ""17""}"
2026-06-30T02:47:23.600534+00:00,7ea344958e6f,tcc-bes-g0-contention-run3-api-1,50.72,0.5072,262878003.2,16503411834.88,1.59,6360000.0,8180000.0,0.0,119000.0,87,"{""BlockIO"": ""0B / 119kB"", ""CPUPerc"": ""50.72%"", ""Container"": ""7ea344958e6f"", ""ID"": ""7ea344958e6f"", ""MemPerc"": ""1.59%"", ""MemUsage"": ""250.7MiB / 15.37GiB"", ""Name"": ""tcc-bes-g0-contention-run3-api-1"", ""NetIO"": ""6.36MB / 8.18MB"", ""PIDs"": ""87""}"
2026-06-30T02:47:23.600534+00:00,9d5aa598ec35,tcc-bes-g0-contention-run3-postgres-1,26.99,0.2699,68964843.52,16503411834.88,0.42,5070000.0,4560000.0,0.0,71300000.0,16,"{""BlockIO"": ""0B / 71.3MB"", ""CPUPerc"": ""26.99%"", ""Container"": ""9d5aa598ec35"", ""ID"": ""9d5aa598ec35"", ""MemPerc"": ""0.42%"", ""MemUsage"": ""65.77MiB / 15.37GiB"", ""Name"": ""tcc-bes-g0-contention-run3-postgres-1"", ""NetIO"": ""5.07MB / 4.56MB"", ""PIDs"": ""16""}"
2026-06-30T02:47:23.600534+00:00,3b258cd04d0c,tcc-bes-g0-contention-run3-cadvisor-1,1.43,0.0143,27650949.12,16503411834.88,0.17,6910.0,114000.0,0.0,0.0,22,"{""BlockIO"": ""0B / 0B"", ""CPUPerc"": ""1.43%"", ""Container"": ""3b258cd04d0c"", ""ID"": ""3b258cd04d0c"", ""MemPerc"": ""0.17%"", ""MemUsage"": ""26.37MiB / 15.37GiB"", ""Name"": ""tcc-bes-g0-contention-run3-cadvisor-1"", ""NetIO"": ""6.91kB / 114kB"", ""PIDs"": ""22""}"
2026-06-30T02:47:27.958595+00:00,1b838d92b099,tcc-bes-g0-contention-run3-grafana-1,0.23,0.0023,57724108.8,16503411834.88,0.35,25800.0,5230.0,98300.0,23900000.0,22,"{""BlockIO"": ""98.3kB / 23.9MB"", ""CPUPerc"": ""0.23%"", ""Container"": ""1b838d92b099"", ""ID"": ""1b838d92b099"", ""MemPerc"": ""0.35%"", ""MemUsage"": ""55.05MiB / 15.37GiB"", ""Name"": ""tcc-bes-g0-contention-run3-grafana-1"", ""NetIO"": ""25.8kB / 5.23kB"", ""PIDs"": ""22""}"
2026-06-30T02:47:27.958595+00:00,233b69edb61c,tcc-bes-g0-contention-run3-prometheus-1,0.0,0.0,26937917.44,16503411834.88,0.16,311000.0,10300.0,352000.0,127000.0,17,"{""BlockIO"": ""352kB / 127kB"", ""CPUPerc"": ""0.00%"", ""Container"": ""233b69edb61c"", ""ID"": ""233b69edb61c"", ""MemPerc"": ""0.16%"", ""MemUsage"": ""25.69MiB / 15.37GiB"", ""Name"": ""tcc-bes-g0-contention-run3-prometheus-1"", ""NetIO"": ""311kB / 10.3kB"", ""PIDs"": ""17""}"
2026-06-30T02:47:27.958595+00:00,7ea344958e6f,tcc-bes-g0-contention-run3-api-1,45.17,0.4517,263402291.2,16503411834.88,1.6,6750000.0,8670000.0,0.0,119000.0,86,"{""BlockIO"": ""0B / 119kB"", ""CPUPerc"": ""45.17%"", ""Container"": ""7ea344958e6f"", ""ID"": ""7ea344958e6f"", ""MemPerc"": ""1.60%"", ""MemUsage"": ""251.2MiB / 15.37GiB"", ""Name"": ""tcc-bes-g0-contention-run3-api-1"", ""NetIO"": ""6.75MB / 8.67MB"", ""PIDs"": ""86""}"
2026-06-30T02:47:27.958595+00:00,9d5aa598ec35,tcc-bes-g0-contention-run3-postgres-1,14.76,0.1476,69698846.72,16503411834.88,0.42,5300000.0,4760000.0,0.0,72000000.0,16,"{""BlockIO"": ""0B / 72MB"", ""CPUPerc"": ""14.76%"", ""Container"": ""9d5aa598ec35"", ""ID"": ""9d5aa598ec35"", ""MemPerc"": ""0.42%"", ""MemUsage"": ""66.47MiB / 15.37GiB"", ""Name"": ""tcc-bes-g0-contention-run3-postgres-1"", ""NetIO"": ""5.3MB / 4.76MB"", ""PIDs"": ""16""}"
2026-06-30T02:47:27.958595+00:00,3b258cd04d0c,tcc-bes-g0-contention-run3-cadvisor-1,1.53,0.015300000000000001,27661434.88,16503411834.88,0.17,6910.0,114000.0,0.0,0.0,22,"{""BlockIO"": ""0B / 0B"", ""CPUPerc"": ""1.53%"", ""Container"": ""3b258cd04d0c"", ""ID"": ""3b258cd04d0c"", ""MemPerc"": ""0.17%"", ""MemUsage"": ""26.38MiB / 15.37GiB"", ""Name"": ""tcc-bes-g0-contention-run3-cadvisor-1"", ""NetIO"": ""6.91kB / 114kB"", ""PIDs"": ""22""}"
2026-06-30T02:47:32.234940+00:00,1b838d92b099,tcc-bes-g0-contention-run3-grafana-1,0.14,0.0014000000000000002,57724108.8,16503411834.88,0.35,25800.0,5230.0,98300.0,23900000.0,22,"{""BlockIO"": ""98.3kB / 23.9MB"", ""CPUPerc"": ""0.14%"", ""Container"": ""1b838d92b099"", ""ID"": ""1b838d92b099"", ""MemPerc"": ""0.35%"", ""MemUsage"": ""55.05MiB / 15.37GiB"", ""Name"": ""tcc-bes-g0-contention-run3-grafana-1"", ""NetIO"": ""25.8kB / 5.23kB"", ""PIDs"": ""22""}"
2026-06-30T02:47:32.234940+00:00,233b69edb61c,tcc-bes-g0-contention-run3-prometheus-1,0.13,0.0013,26937917.44,16503411834.88,0.16,311000.0,10300.0,352000.0,127000.0,17,"{""BlockIO"": ""352kB / 127kB"", ""CPUPerc"": ""0.13%"", ""Container"": ""233b69edb61c"", ""ID"": ""233b69edb61c"", ""MemPerc"": ""0.16%"", ""MemUsage"": ""25.69MiB / 15.37GiB"", ""Name"": ""tcc-bes-g0-contention-run3-prometheus-1"", ""NetIO"": ""311kB / 10.3kB"", ""PIDs"": ""17""}"
2026-06-30T02:47:32.234940+00:00,7ea344958e6f,tcc-bes-g0-contention-run3-api-1,135.45,1.3544999999999998,263192576.0,16503411834.88,1.59,7130000.0,9170000.0,0.0,119000.0,87,"{""BlockIO"": ""0B / 119kB"", ""CPUPerc"": ""135.45%"", ""Container"": ""7ea344958e6f"", ""ID"": ""7ea344958e6f"", ""MemPerc"": ""1.59%"", ""MemUsage"": ""251MiB / 15.37GiB"", ""Name"": ""tcc-bes-g0-contention-run3-api-1"", ""NetIO"": ""7.13MB / 9.17MB"", ""PIDs"": ""87""}"
2026-06-30T02:47:32.234940+00:00,9d5aa598ec35,tcc-bes-g0-contention-run3-postgres-1,20.54,0.2054,70275563.52,16503411834.88,0.43,5700000.0,5110000.0,0.0,73200000.0,16,"{""BlockIO"": ""0B / 73.2MB"", ""CPUPerc"": ""20.54%"", ""Container"": ""9d5aa598ec35"", ""ID"": ""9d5aa598ec35"", ""MemPerc"": ""0.43%"", ""MemUsage"": ""67.02MiB / 15.37GiB"", ""Name"": ""tcc-bes-g0-contention-run3-postgres-1"", ""NetIO"": ""5.7MB / 5.11MB"", ""PIDs"": ""16""}"
2026-06-30T02:47:32.234940+00:00,3b258cd04d0c,tcc-bes-g0-contention-run3-cadvisor-1,10.3,0.10300000000000001,27923578.88,16503411834.88,0.17,6910.0,114000.0,0.0,0.0,22,"{""BlockIO"": ""0B / 0B"", ""CPUPerc"": ""10.30%"", ""Container"": ""3b258cd04d0c"", ""ID"": ""3b258cd04d0c"", ""MemPerc"": ""0.17%"", ""MemUsage"": ""26.63MiB / 15.37GiB"", ""Name"": ""tcc-bes-g0-contention-run3-cadvisor-1"", ""NetIO"": ""6.91kB / 114kB"", ""PIDs"": ""22""}"
2026-06-30T02:47:36.866192+00:00,1b838d92b099,tcc-bes-g0-contention-run3-grafana-1,0.12,0.0012,57724108.8,16503411834.88,0.35,25800.0,5230.0,98300.0,23900000.0,22,"{""BlockIO"": ""98.3kB / 23.9MB"", ""CPUPerc"": ""0.12%"", ""Container"": ""1b838d92b099"", ""ID"": ""1b838d92b099"", ""MemPerc"": ""0.35%"", ""MemUsage"": ""55.05MiB / 15.37GiB"", ""Name"": ""tcc-bes-g0-contention-run3-grafana-1"", ""NetIO"": ""25.8kB / 5.23kB"", ""PIDs"": ""22""}"
2026-06-30T02:47:36.866192+00:00,233b69edb61c,tcc-bes-g0-contention-run3-prometheus-1,0.21,0.0021,27357347.84,16503411834.88,0.17,364000.0,11900.0,352000.0,160000.0,17,"{""BlockIO"": ""352kB / 160kB"", ""CPUPerc"": ""0.21%"", ""Container"": ""233b69edb61c"", ""ID"": ""233b69edb61c"", ""MemPerc"": ""0.17%"", ""MemUsage"": ""26.09MiB / 15.37GiB"", ""Name"": ""tcc-bes-g0-contention-run3-prometheus-1"", ""NetIO"": ""364kB / 11.9kB"", ""PIDs"": ""17""}"
2026-06-30T02:47:36.866192+00:00,7ea344958e6f,tcc-bes-g0-contention-run3-api-1,141.68,1.4168,263507148.8,16503411834.88,1.6,7550000.0,9740000.0,0.0,135000.0,86,"{""BlockIO"": ""0B / 135kB"", ""CPUPerc"": ""141.68%"", ""Container"": ""7ea344958e6f"", ""ID"": ""7ea344958e6f"", ""MemPerc"": ""1.60%"", ""MemUsage"": ""251.3MiB / 15.37GiB"", ""Name"": ""tcc-bes-g0-contention-run3-api-1"", ""NetIO"": ""7.55MB / 9.74MB"", ""PIDs"": ""86""}"
2026-06-30T02:47:36.866192+00:00,9d5aa598ec35,tcc-bes-g0-contention-run3-postgres-1,21.8,0.218,69499617.28,16503411834.88,0.42,6020000.0,5400000.0,0.0,75100000.0,16,"{""BlockIO"": ""0B / 75.1MB"", ""CPUPerc"": ""21.80%"", ""Container"": ""9d5aa598ec35"", ""ID"": ""9d5aa598ec35"", ""MemPerc"": ""0.42%"", ""MemUsage"": ""66.28MiB / 15.37GiB"", ""Name"": ""tcc-bes-g0-contention-run3-postgres-1"", ""NetIO"": ""6.02MB / 5.4MB"", ""PIDs"": ""16""}"
2026-06-30T02:47:36.866192+00:00,3b258cd04d0c,tcc-bes-g0-contention-run3-cadvisor-1,2.69,0.0269,29863444.48,16503411834.88,0.18,7600.0,133000.0,0.0,0.0,22,"{""BlockIO"": ""0B / 0B"", ""CPUPerc"": ""2.69%"", ""Container"": ""3b258cd04d0c"", ""ID"": ""3b258cd04d0c"", ""MemPerc"": ""0.18%"", ""MemUsage"": ""28.48MiB / 15.37GiB"", ""Name"": ""tcc-bes-g0-contention-run3-cadvisor-1"", ""NetIO"": ""7.6kB / 133kB"", ""PIDs"": ""22""}"
2026-06-30T02:47:42.933641+00:00,1b838d92b099,tcc-bes-g0-contention-run3-grafana-1,0.2,0.002,57975767.04,16503411834.88,0.35,26500.0,6110.0,98300.0,23900000.0,22,"{""BlockIO"": ""98.3kB / 23.9MB"", ""CPUPerc"": ""0.20%"", ""Container"": ""1b838d92b099"", ""ID"": ""1b838d92b099"", ""MemPerc"": ""0.35%"", ""MemUsage"": ""55.29MiB / 15.37GiB"", ""Name"": ""tcc-bes-g0-contention-run3-grafana-1"", ""NetIO"": ""26.5kB / 6.11kB"", ""PIDs"": ""22""}"
2026-06-30T02:47:42.933641+00:00,233b69edb61c,tcc-bes-g0-contention-run3-prometheus-1,0.0,0.0,27357347.84,16503411834.88,0.17,364000.0,11900.0,352000.0,160000.0,17,"{""BlockIO"": ""352kB / 160kB"", ""CPUPerc"": ""0.00%"", ""Container"": ""233b69edb61c"", ""ID"": ""233b69edb61c"", ""MemPerc"": ""0.17%"", ""MemUsage"": ""26.09MiB / 15.37GiB"", ""Name"": ""tcc-bes-g0-contention-run3-prometheus-1"", ""NetIO"": ""364kB / 11.9kB"", ""PIDs"": ""17""}"
2026-06-30T02:47:42.933641+00:00,7ea344958e6f,tcc-bes-g0-contention-run3-api-1,213.87,2.1387,269064601.6,16503411834.88,1.63,8050000.000000001,10400000.0,0.0,135000.0,88,"{""BlockIO"": ""0B / 135kB"", ""CPUPerc"": ""213.87%"", ""Container"": ""7ea344958e6f"", ""ID"": ""7ea344958e6f"", ""MemPerc"": ""1.63%"", ""MemUsage"": ""256.6MiB / 15.37GiB"", ""Name"": ""tcc-bes-g0-contention-run3-api-1"", ""NetIO"": ""8.05MB / 10.4MB"", ""PIDs"": ""88""}"
2026-06-30T02:47:42.933641+00:00,9d5aa598ec35,tcc-bes-g0-contention-run3-postgres-1,12.66,0.1266,69793218.56,16503411834.88,0.42,6420000.0,5750000.0,0.0,76300000.0,16,"{""BlockIO"": ""0B / 76.3MB"", ""CPUPerc"": ""12.66%"", ""Container"": ""9d5aa598ec35"", ""ID"": ""9d5aa598ec35"", ""MemPerc"": ""0.42%"", ""MemUsage"": ""66.56MiB / 15.37GiB"", ""Name"": ""tcc-bes-g0-contention-run3-postgres-1"", ""NetIO"": ""6.42MB / 5.75MB"", ""PIDs"": ""16""}"
2026-06-30T02:47:42.933641+00:00,3b258cd04d0c,tcc-bes-g0-contention-run3-cadvisor-1,6.42,0.0642,29989273.6,16503411834.88,0.18,7600.0,133000.0,0.0,0.0,22,"{""BlockIO"": ""0B / 0B"", ""CPUPerc"": ""6.42%"", ""Container"": ""3b258cd04d0c"", ""ID"": ""3b258cd04d0c"", ""MemPerc"": ""0.18%"", ""MemUsage"": ""28.6MiB / 15.37GiB"", ""Name"": ""tcc-bes-g0-contention-run3-cadvisor-1"", ""NetIO"": ""7.6kB / 133kB"", ""PIDs"": ""22""}"
2026-06-30T02:47:47.278486+00:00,1b838d92b099,tcc-bes-g0-contention-run3-grafana-1,0.21,0.0021,57713623.04,16503411834.88,0.35,26500.0,6110.0,98300.0,23900000.0,22,"{""BlockIO"": ""98.3kB / 23.9MB"", ""CPUPerc"": ""0.21%"", ""Container"": ""1b838d92b099"", ""ID"": ""1b838d92b099"", ""MemPerc"": ""0.35%"", ""MemUsage"": ""55.04MiB / 15.37GiB"", ""Name"": ""tcc-bes-g0-contention-run3-grafana-1"", ""NetIO"": ""26.5kB / 6.11kB"", ""PIDs"": ""22""}"
2026-06-30T02:47:47.278486+00:00,233b69edb61c,tcc-bes-g0-contention-run3-prometheus-1,0.1,0.001,27357347.84,16503411834.88,0.17,364000.0,11900.0,352000.0,160000.0,17,"{""BlockIO"": ""352kB / 160kB"", ""CPUPerc"": ""0.10%"", ""Container"": ""233b69edb61c"", ""ID"": ""233b69edb61c"", ""MemPerc"": ""0.17%"", ""MemUsage"": ""26.09MiB / 15.37GiB"", ""Name"": ""tcc-bes-g0-contention-run3-prometheus-1"", ""NetIO"": ""364kB / 11.9kB"", ""PIDs"": ""17""}"
2026-06-30T02:47:47.278486+00:00,7ea344958e6f,tcc-bes-g0-contention-run3-api-1,45.26,0.4526,265604300.8,16503411834.88,1.61,8420000.0,10800000.0,0.0,135000.0,86,"{""BlockIO"": ""0B / 135kB"", ""CPUPerc"": ""45.26%"", ""Container"": ""7ea344958e6f"", ""ID"": ""7ea344958e6f"", ""MemPerc"": ""1.61%"", ""MemUsage"": ""253.3MiB / 15.37GiB"", ""Name"": ""tcc-bes-g0-contention-run3-api-1"", ""NetIO"": ""8.42MB / 10.8MB"", ""PIDs"": ""86""}"
2026-06-30T02:47:47.278486+00:00,9d5aa598ec35,tcc-bes-g0-contention-run3-postgres-1,13.85,0.13849999999999998,70516736.0,16503411834.88,0.43,6700000.0,6010000.0,0.0,77300000.0,16,"{""BlockIO"": ""0B / 77.3MB"", ""CPUPerc"": ""13.85%"", ""Container"": ""9d5aa598ec35"", ""ID"": ""9d5aa598ec35"", ""MemPerc"": ""0.43%"", ""MemUsage"": ""67.25MiB / 15.37GiB"", ""Name"": ""tcc-bes-g0-contention-run3-postgres-1"", ""NetIO"": ""6.7MB / 6.01MB"", ""PIDs"": ""16""}"
2026-06-30T02:47:47.278486+00:00,3b258cd04d0c,tcc-bes-g0-contention-run3-cadvisor-1,1.43,0.0143,30083645.44,16503411834.88,0.18,7600.0,133000.0,0.0,0.0,23,"{""BlockIO"": ""0B / 0B"", ""CPUPerc"": ""1.43%"", ""Container"": ""3b258cd04d0c"", ""ID"": ""3b258cd04d0c"", ""MemPerc"": ""0.18%"", ""MemUsage"": ""28.69MiB / 15.37GiB"", ""Name"": ""tcc-bes-g0-contention-run3-cadvisor-1"", ""NetIO"": ""7.6kB / 133kB"", ""PIDs"": ""23""}"
2026-06-30T02:47:51.599605+00:00,1b838d92b099,tcc-bes-g0-contention-run3-grafana-1,0.17,0.0017000000000000001,57713623.04,16503411834.88,0.35,26500.0,6110.0,98300.0,23900000.0,22,"{""BlockIO"": ""98.3kB / 23.9MB"", ""CPUPerc"": ""0.17%"", ""Container"": ""1b838d92b099"", ""ID"": ""1b838d92b099"", ""MemPerc"": ""0.35%"", ""MemUsage"": ""55.04MiB / 15.37GiB"", ""Name"": ""tcc-bes-g0-contention-run3-grafana-1"", ""NetIO"": ""26.5kB / 6.11kB"", ""PIDs"": ""22""}"
2026-06-30T02:47:51.599605+00:00,233b69edb61c,tcc-bes-g0-contention-run3-prometheus-1,0.0,0.0,27367833.6,16503411834.88,0.17,417000.0,13400.0,352000.0,176000.0,17,"{""BlockIO"": ""352kB / 176kB"", ""CPUPerc"": ""0.00%"", ""Container"": ""233b69edb61c"", ""ID"": ""233b69edb61c"", ""MemPerc"": ""0.17%"", ""MemUsage"": ""26.1MiB / 15.37GiB"", ""Name"": ""tcc-bes-g0-contention-run3-prometheus-1"", ""NetIO"": ""417kB / 13.4kB"", ""PIDs"": ""17""}"
2026-06-30T02:47:51.599605+00:00,7ea344958e6f,tcc-bes-g0-contention-run3-api-1,46.25,0.4625,265709158.4,16503411834.88,1.61,8790000.0,11300000.0,0.0,152000.0,87,"{""BlockIO"": ""0B / 152kB"", ""CPUPerc"": ""46.25%"", ""Container"": ""7ea344958e6f"", ""ID"": ""7ea344958e6f"", ""MemPerc"": ""1.61%"", ""MemUsage"": ""253.4MiB / 15.37GiB"", ""Name"": ""tcc-bes-g0-contention-run3-api-1"", ""NetIO"": ""8.79MB / 11.3MB"", ""PIDs"": ""87""}"
2026-06-30T02:47:51.599605+00:00,9d5aa598ec35,tcc-bes-g0-contention-run3-postgres-1,17.72,0.1772,70558679.04,16503411834.88,0.43,6980000.0,6280000.0,0.0,78100000.0,16,"{""BlockIO"": ""0B / 78.1MB"", ""CPUPerc"": ""17.72%"", ""Container"": ""9d5aa598ec35"", ""ID"": ""9d5aa598ec35"", ""MemPerc"": ""0.43%"", ""MemUsage"": ""67.29MiB / 15.37GiB"", ""Name"": ""tcc-bes-g0-contention-run3-postgres-1"", ""NetIO"": ""6.98MB / 6.28MB"", ""PIDs"": ""16""}"
2026-06-30T02:47:51.599605+00:00,3b258cd04d0c,tcc-bes-g0-contention-run3-cadvisor-1,12.47,0.1247,30660362.24,16503411834.88,0.19,8280.0,152000.0,0.0,0.0,23,"{""BlockIO"": ""0B / 0B"", ""CPUPerc"": ""12.47%"", ""Container"": ""3b258cd04d0c"", ""ID"": ""3b258cd04d0c"", ""MemPerc"": ""0.19%"", ""MemUsage"": ""29.24MiB / 15.37GiB"", ""Name"": ""tcc-bes-g0-contention-run3-cadvisor-1"", ""NetIO"": ""8.28kB / 152kB"", ""PIDs"": ""23""}"
2026-06-30T02:47:55.865564+00:00,1b838d92b099,tcc-bes-g0-contention-run3-grafana-1,0.11,0.0011,57713623.04,16503411834.88,0.35,26500.0,6110.0,98300.0,23900000.0,22,"{""BlockIO"": ""98.3kB / 23.9MB"", ""CPUPerc"": ""0.11%"", ""Container"": ""1b838d92b099"", ""ID"": ""1b838d92b099"", ""MemPerc"": ""0.35%"", ""MemUsage"": ""55.04MiB / 15.37GiB"", ""Name"": ""tcc-bes-g0-contention-run3-grafana-1"", ""NetIO"": ""26.5kB / 6.11kB"", ""PIDs"": ""22""}"
2026-06-30T02:47:55.865564+00:00,233b69edb61c,tcc-bes-g0-contention-run3-prometheus-1,0.0,0.0,27357347.84,16503411834.88,0.17,417000.0,13400.0,352000.0,176000.0,17,"{""BlockIO"": ""352kB / 176kB"", ""CPUPerc"": ""0.00%"", ""Container"": ""233b69edb61c"", ""ID"": ""233b69edb61c"", ""MemPerc"": ""0.17%"", ""MemUsage"": ""26.09MiB / 15.37GiB"", ""Name"": ""tcc-bes-g0-contention-run3-prometheus-1"", ""NetIO"": ""417kB / 13.4kB"", ""PIDs"": ""17""}"
2026-06-30T02:47:55.865564+00:00,7ea344958e6f,tcc-bes-g0-contention-run3-api-1,29.8,0.298,265709158.4,16503411834.88,1.61,9060000.0,11700000.0,0.0,152000.0,87,"{""BlockIO"": ""0B / 152kB"", ""CPUPerc"": ""29.80%"", ""Container"": ""7ea344958e6f"", ""ID"": ""7ea344958e6f"", ""MemPerc"": ""1.61%"", ""MemUsage"": ""253.4MiB / 15.37GiB"", ""Name"": ""tcc-bes-g0-contention-run3-api-1"", ""NetIO"": ""9.06MB / 11.7MB"", ""PIDs"": ""87""}"
2026-06-30T02:47:55.865564+00:00,9d5aa598ec35,tcc-bes-g0-contention-run3-postgres-1,11.44,0.1144,71565312.0,16503411834.88,0.43,7250000.0,6520000.0,0.0,78900000.0,16,"{""BlockIO"": ""0B / 78.9MB"", ""CPUPerc"": ""11.44%"", ""Container"": ""9d5aa598ec35"", ""ID"": ""9d5aa598ec35"", ""MemPerc"": ""0.43%"", ""MemUsage"": ""68.25MiB / 15.37GiB"", ""Name"": ""tcc-bes-g0-contention-run3-postgres-1"", ""NetIO"": ""7.25MB / 6.52MB"", ""PIDs"": ""16""}"
2026-06-30T02:47:55.865564+00:00,3b258cd04d0c,tcc-bes-g0-contention-run3-cadvisor-1,1.29,0.0129,30932992.0,16503411834.88,0.19,8280.0,152000.0,0.0,0.0,23,"{""BlockIO"": ""0B / 0B"", ""CPUPerc"": ""1.29%"", ""Container"": ""3b258cd04d0c"", ""ID"": ""3b258cd04d0c"", ""MemPerc"": ""0.19%"", ""MemUsage"": ""29.5MiB / 15.37GiB"", ""Name"": ""tcc-bes-g0-contention-run3-cadvisor-1"", ""NetIO"": ""8.28kB / 152kB"", ""PIDs"": ""23""}"
2026-06-30T02:48:00.246084+00:00,1b838d92b099,tcc-bes-g0-contention-run3-grafana-1,0.19,0.0019,57713623.04,16503411834.88,0.35,26500.0,6110.0,98300.0,23900000.0,22,"{""BlockIO"": ""98.3kB / 23.9MB"", ""CPUPerc"": ""0.19%"", ""Container"": ""1b838d92b099"", ""ID"": ""1b838d92b099"", ""MemPerc"": ""0.35%"", ""MemUsage"": ""55.04MiB / 15.37GiB"", ""Name"": ""tcc-bes-g0-contention-run3-grafana-1"", ""NetIO"": ""26.5kB / 6.11kB"", ""PIDs"": ""22""}"
2026-06-30T02:48:00.246084+00:00,233b69edb61c,tcc-bes-g0-contention-run3-prometheus-1,0.0,0.0,27367833.6,16503411834.88,0.17,417000.0,13400.0,352000.0,176000.0,17,"{""BlockIO"": ""352kB / 176kB"", ""CPUPerc"": ""0.00%"", ""Container"": ""233b69edb61c"", ""ID"": ""233b69edb61c"", ""MemPerc"": ""0.17%"", ""MemUsage"": ""26.1MiB / 15.37GiB"", ""Name"": ""tcc-bes-g0-contention-run3-prometheus-1"", ""NetIO"": ""417kB / 13.4kB"", ""PIDs"": ""17""}"
2026-06-30T02:48:00.246084+00:00,7ea344958e6f,tcc-bes-g0-contention-run3-api-1,10.2,0.102,265709158.4,16503411834.88,1.61,9500000.0,12200000.0,0.0,152000.0,86,"{""BlockIO"": ""0B / 152kB"", ""CPUPerc"": ""10.20%"", ""Container"": ""7ea344958e6f"", ""ID"": ""7ea344958e6f"", ""MemPerc"": ""1.61%"", ""MemUsage"": ""253.4MiB / 15.37GiB"", ""Name"": ""tcc-bes-g0-contention-run3-api-1"", ""NetIO"": ""9.5MB / 12.2MB"", ""PIDs"": ""86""}"
2026-06-30T02:48:00.246084+00:00,9d5aa598ec35,tcc-bes-g0-contention-run3-postgres-1,5.48,0.0548,71061995.52,16503411834.88,0.43,7530000.0,6780000.0,0.0,79700000.0,16,"{""BlockIO"": ""0B / 79.7MB"", ""CPUPerc"": ""5.48%"", ""Container"": ""9d5aa598ec35"", ""ID"": ""9d5aa598ec35"", ""MemPerc"": ""0.43%"", ""MemUsage"": ""67.77MiB / 15.37GiB"", ""Name"": ""tcc-bes-g0-contention-run3-postgres-1"", ""NetIO"": ""7.53MB / 6.78MB"", ""PIDs"": ""16""}"
2026-06-30T02:48:00.246084+00:00,3b258cd04d0c,tcc-bes-g0-contention-run3-cadvisor-1,1.18,0.0118,30691819.52,16503411834.88,0.19,8280.0,152000.0,0.0,0.0,23,"{""BlockIO"": ""0B / 0B"", ""CPUPerc"": ""1.18%"", ""Container"": ""3b258cd04d0c"", ""ID"": ""3b258cd04d0c"", ""MemPerc"": ""0.19%"", ""MemUsage"": ""29.27MiB / 15.37GiB"", ""Name"": ""tcc-bes-g0-contention-run3-cadvisor-1"", ""NetIO"": ""8.28kB / 152kB"", ""PIDs"": ""23""}"
2026-06-30T02:48:04.355520+00:00,1b838d92b099,tcc-bes-g0-contention-run3-grafana-1,0.16,0.0016,57713623.04,16503411834.88,0.35,26500.0,6110.0,98300.0,23900000.0,22,"{""BlockIO"": ""98.3kB / 23.9MB"", ""CPUPerc"": ""0.16%"", ""Container"": ""1b838d92b099"", ""ID"": ""1b838d92b099"", ""MemPerc"": ""0.35%"", ""MemUsage"": ""55.04MiB / 15.37GiB"", ""Name"": ""tcc-bes-g0-contention-run3-grafana-1"", ""NetIO"": ""26.5kB / 6.11kB"", ""PIDs"": ""22""}"
2026-06-30T02:48:04.355520+00:00,233b69edb61c,tcc-bes-g0-contention-run3-prometheus-1,0.59,0.0059,27378319.36,16503411834.88,0.17,436000.0,14100.0,352000.0,176000.0,17,"{""BlockIO"": ""352kB / 176kB"", ""CPUPerc"": ""0.59%"", ""Container"": ""233b69edb61c"", ""ID"": ""233b69edb61c"", ""MemPerc"": ""0.17%"", ""MemUsage"": ""26.11MiB / 15.37GiB"", ""Name"": ""tcc-bes-g0-contention-run3-prometheus-1"", ""NetIO"": ""436kB / 14.1kB"", ""PIDs"": ""17""}"
2026-06-30T02:48:04.355520+00:00,7ea344958e6f,tcc-bes-g0-contention-run3-api-1,12.14,0.12140000000000001,265814016.0,16503411834.88,1.61,9890000.0,12700000.0,0.0,168000.0,86,"{""BlockIO"": ""0B / 168kB"", ""CPUPerc"": ""12.14%"", ""Container"": ""7ea344958e6f"", ""ID"": ""7ea344958e6f"", ""MemPerc"": ""1.61%"", ""MemUsage"": ""253.5MiB / 15.37GiB"", ""Name"": ""tcc-bes-g0-contention-run3-api-1"", ""NetIO"": ""9.89MB / 12.7MB"", ""PIDs"": ""86""}"
2026-06-30T02:48:04.355520+00:00,9d5aa598ec35,tcc-bes-g0-contention-run3-postgres-1,9.85,0.09849999999999999,71051509.76,16503411834.88,0.43,7820000.0,7040000.0,0.0,81300000.0,16,"{""BlockIO"": ""0B / 81.3MB"", ""CPUPerc"": ""9.85%"", ""Container"": ""9d5aa598ec35"", ""ID"": ""9d5aa598ec35"", ""MemPerc"": ""0.43%"", ""MemUsage"": ""67.76MiB / 15.37GiB"", ""Name"": ""tcc-bes-g0-contention-run3-postgres-1"", ""NetIO"": ""7.82MB / 7.04MB"", ""PIDs"": ""16""}"
2026-06-30T02:48:04.355520+00:00,3b258cd04d0c,tcc-bes-g0-contention-run3-cadvisor-1,3.01,0.0301,30607933.44,16503411834.88,0.19,8970.0,171000.0,0.0,0.0,23,"{""BlockIO"": ""0B / 0B"", ""CPUPerc"": ""3.01%"", ""Container"": ""3b258cd04d0c"", ""ID"": ""3b258cd04d0c"", ""MemPerc"": ""0.19%"", ""MemUsage"": ""29.19MiB / 15.37GiB"", ""Name"": ""tcc-bes-g0-contention-run3-cadvisor-1"", ""NetIO"": ""8.97kB / 171kB"", ""PIDs"": ""23""}"
2026-06-30T02:48:08.586044+00:00,1b838d92b099,tcc-bes-g0-contention-run3-grafana-1,0.21,0.0021,55186554.88,16503411834.88,0.33,26500.0,6110.0,98300.0,23900000.0,22,"{""BlockIO"": ""98.3kB / 23.9MB"", ""CPUPerc"": ""0.21%"", ""Container"": ""1b838d92b099"", ""ID"": ""1b838d92b099"", ""MemPerc"": ""0.33%"", ""MemUsage"": ""52.63MiB / 15.37GiB"", ""Name"": ""tcc-bes-g0-contention-run3-grafana-1"", ""NetIO"": ""26.5kB / 6.11kB"", ""PIDs"": ""22""}"
2026-06-30T02:48:08.586044+00:00,233b69edb61c,tcc-bes-g0-contention-run3-prometheus-1,0.0,0.0,27472691.2,16503411834.88,0.17,469000.0,14900.0,352000.0,176000.0,17,"{""BlockIO"": ""352kB / 176kB"", ""CPUPerc"": ""0.00%"", ""Container"": ""233b69edb61c"", ""ID"": ""233b69edb61c"", ""MemPerc"": ""0.17%"", ""MemUsage"": ""26.2MiB / 15.37GiB"", ""Name"": ""tcc-bes-g0-contention-run3-prometheus-1"", ""NetIO"": ""469kB / 14.9kB"", ""PIDs"": ""17""}"
2026-06-30T02:48:08.586044+00:00,7ea344958e6f,tcc-bes-g0-contention-run3-api-1,11.33,0.1133,266338304.0,16503411834.88,1.61,10200000.0,13200000.0,0.0,168000.0,86,"{""BlockIO"": ""0B / 168kB"", ""CPUPerc"": ""11.33%"", ""Container"": ""7ea344958e6f"", ""ID"": ""7ea344958e6f"", ""MemPerc"": ""1.61%"", ""MemUsage"": ""254MiB / 15.37GiB"", ""Name"": ""tcc-bes-g0-contention-run3-api-1"", ""NetIO"": ""10.2MB / 13.2MB"", ""PIDs"": ""86""}"
2026-06-30T02:48:08.586044+00:00,9d5aa598ec35,tcc-bes-g0-contention-run3-postgres-1,6.88,0.0688,71502397.44,16503411834.88,0.43,8100000.0,7290000.0,0.0,82200000.0,16,"{""BlockIO"": ""0B / 82.2MB"", ""CPUPerc"": ""6.88%"", ""Container"": ""9d5aa598ec35"", ""ID"": ""9d5aa598ec35"", ""MemPerc"": ""0.43%"", ""MemUsage"": ""68.19MiB / 15.37GiB"", ""Name"": ""tcc-bes-g0-contention-run3-postgres-1"", ""NetIO"": ""8.1MB / 7.29MB"", ""PIDs"": ""16""}"
2026-06-30T02:48:08.586044+00:00,3b258cd04d0c,tcc-bes-g0-contention-run3-cadvisor-1,0.98,0.0098,30073159.68,16503411834.88,0.18,8970.0,171000.0,0.0,0.0,23,"{""BlockIO"": ""0B / 0B"", ""CPUPerc"": ""0.98%"", ""Container"": ""3b258cd04d0c"", ""ID"": ""3b258cd04d0c"", ""MemPerc"": ""0.18%"", ""MemUsage"": ""28.68MiB / 15.37GiB"", ""Name"": ""tcc-bes-g0-contention-run3-cadvisor-1"", ""NetIO"": ""8.97kB / 171kB"", ""PIDs"": ""23""}"
2026-06-30T02:48:12.812242+00:00,1b838d92b099,tcc-bes-g0-contention-run3-grafana-1,0.12,0.0012,48465182.72,16503411834.88,0.29,26500.0,6110.0,98300.0,23900000.0,22,"{""BlockIO"": ""98.3kB / 23.9MB"", ""CPUPerc"": ""0.12%"", ""Container"": ""1b838d92b099"", ""ID"": ""1b838d92b099"", ""MemPerc"": ""0.29%"", ""MemUsage"": ""46.22MiB / 15.37GiB"", ""Name"": ""tcc-bes-g0-contention-run3-grafana-1"", ""NetIO"": ""26.5kB / 6.11kB"", ""PIDs"": ""22""}"
2026-06-30T02:48:12.812242+00:00,233b69edb61c,tcc-bes-g0-contention-run3-prometheus-1,0.06,0.0006,27472691.2,16503411834.88,0.17,469000.0,14900.0,352000.0,176000.0,17,"{""BlockIO"": ""352kB / 176kB"", ""CPUPerc"": ""0.06%"", ""Container"": ""233b69edb61c"", ""ID"": ""233b69edb61c"", ""MemPerc"": ""0.17%"", ""MemUsage"": ""26.2MiB / 15.37GiB"", ""Name"": ""tcc-bes-g0-contention-run3-prometheus-1"", ""NetIO"": ""469kB / 14.9kB"", ""PIDs"": ""17""}"
2026-06-30T02:48:12.812242+00:00,7ea344958e6f,tcc-bes-g0-contention-run3-api-1,18.37,0.1837,266443161.6,16503411834.88,1.61,10700000.0,13800000.0,0.0,168000.0,87,"{""BlockIO"": ""0B / 168kB"", ""CPUPerc"": ""18.37%"", ""Container"": ""7ea344958e6f"", ""ID"": ""7ea344958e6f"", ""MemPerc"": ""1.61%"", ""MemUsage"": ""254.1MiB / 15.37GiB"", ""Name"": ""tcc-bes-g0-contention-run3-api-1"", ""NetIO"": ""10.7MB / 13.8MB"", ""PIDs"": ""87""}"
2026-06-30T02:48:12.812242+00:00,9d5aa598ec35,tcc-bes-g0-contention-run3-postgres-1,6.58,0.0658,71491911.68,16503411834.88,0.43,8460000.0,7620000.0,0.0,83300000.0,16,"{""BlockIO"": ""0B / 83.3MB"", ""CPUPerc"": ""6.58%"", ""Container"": ""9d5aa598ec35"", ""ID"": ""9d5aa598ec35"", ""MemPerc"": ""0.43%"", ""MemUsage"": ""68.18MiB / 15.37GiB"", ""Name"": ""tcc-bes-g0-contention-run3-postgres-1"", ""NetIO"": ""8.46MB / 7.62MB"", ""PIDs"": ""16""}"
2026-06-30T02:48:12.812242+00:00,3b258cd04d0c,tcc-bes-g0-contention-run3-cadvisor-1,0.48,0.0048,30083645.44,16503411834.88,0.18,8970.0,171000.0,0.0,0.0,23,"{""BlockIO"": ""0B / 0B"", ""CPUPerc"": ""0.48%"", ""Container"": ""3b258cd04d0c"", ""ID"": ""3b258cd04d0c"", ""MemPerc"": ""0.18%"", ""MemUsage"": ""28.69MiB / 15.37GiB"", ""Name"": ""tcc-bes-g0-contention-run3-cadvisor-1"", ""NetIO"": ""8.97kB / 171kB"", ""PIDs"": ""23""}"
2026-06-30T02:48:17.001394+00:00,1b838d92b099,tcc-bes-g0-contention-run3-grafana-1,0.09,0.0009,48465182.72,16503411834.88,0.29,26500.0,6110.0,98300.0,23900000.0,22,"{""BlockIO"": ""98.3kB / 23.9MB"", ""CPUPerc"": ""0.09%"", ""Container"": ""1b838d92b099"", ""ID"": ""1b838d92b099"", ""MemPerc"": ""0.29%"", ""MemUsage"": ""46.22MiB / 15.37GiB"", ""Name"": ""tcc-bes-g0-contention-run3-grafana-1"", ""NetIO"": ""26.5kB / 6.11kB"", ""PIDs"": ""22""}"
2026-06-30T02:48:17.001394+00:00,233b69edb61c,tcc-bes-g0-contention-run3-prometheus-1,0.09,0.0009,27472691.2,16503411834.88,0.17,469000.0,14900.0,352000.0,176000.0,17,"{""BlockIO"": ""352kB / 176kB"", ""CPUPerc"": ""0.09%"", ""Container"": ""233b69edb61c"", ""ID"": ""233b69edb61c"", ""MemPerc"": ""0.17%"", ""MemUsage"": ""26.2MiB / 15.37GiB"", ""Name"": ""tcc-bes-g0-contention-run3-prometheus-1"", ""NetIO"": ""469kB / 14.9kB"", ""PIDs"": ""17""}"
2026-06-30T02:48:17.001394+00:00,7ea344958e6f,tcc-bes-g0-contention-run3-api-1,12.08,0.1208,265918873.6,16503411834.88,1.61,11000000.0,14100000.0,0.0,168000.0,86,"{""BlockIO"": ""0B / 168kB"", ""CPUPerc"": ""12.08%"", ""Container"": ""7ea344958e6f"", ""ID"": ""7ea344958e6f"", ""MemPerc"": ""1.61%"", ""MemUsage"": ""253.6MiB / 15.37GiB"", ""Name"": ""tcc-bes-g0-contention-run3-api-1"", ""NetIO"": ""11MB / 14.1MB"", ""PIDs"": ""86""}"
2026-06-30T02:48:17.001394+00:00,9d5aa598ec35,tcc-bes-g0-contention-run3-postgres-1,5.87,0.0587,71408025.6,16503411834.88,0.43,8760000.0,7880000.0,0.0,84200000.0,16,"{""BlockIO"": ""0B / 84.2MB"", ""CPUPerc"": ""5.87%"", ""Container"": ""9d5aa598ec35"", ""ID"": ""9d5aa598ec35"", ""MemPerc"": ""0.43%"", ""MemUsage"": ""68.1MiB / 15.37GiB"", ""Name"": ""tcc-bes-g0-contention-run3-postgres-1"", ""NetIO"": ""8.76MB / 7.88MB"", ""PIDs"": ""16""}"
2026-06-30T02:48:17.001394+00:00,3b258cd04d0c,tcc-bes-g0-contention-run3-cadvisor-1,0.86,0.0086,30094131.2,16503411834.88,0.18,8970.0,171000.0,0.0,0.0,23,"{""BlockIO"": ""0B / 0B"", ""CPUPerc"": ""0.86%"", ""Container"": ""3b258cd04d0c"", ""ID"": ""3b258cd04d0c"", ""MemPerc"": ""0.18%"", ""MemUsage"": ""28.7MiB / 15.37GiB"", ""Name"": ""tcc-bes-g0-contention-run3-cadvisor-1"", ""NetIO"": ""8.97kB / 171kB"", ""PIDs"": ""23""}"
2026-06-30T02:48:21.137259+00:00,1b838d92b099,tcc-bes-g0-contention-run3-grafana-1,0.08,0.0008,48465182.72,16503411834.88,0.29,26500.0,6110.0,98300.0,23900000.0,22,"{""BlockIO"": ""98.3kB / 23.9MB"", ""CPUPerc"": ""0.08%"", ""Container"": ""1b838d92b099"", ""ID"": ""1b838d92b099"", ""MemPerc"": ""0.29%"", ""MemUsage"": ""46.22MiB / 15.37GiB"", ""Name"": ""tcc-bes-g0-contention-run3-grafana-1"", ""NetIO"": ""26.5kB / 6.11kB"", ""PIDs"": ""22""}"
2026-06-30T02:48:21.137259+00:00,233b69edb61c,tcc-bes-g0-contention-run3-prometheus-1,0.27,0.0027,27462205.44,16503411834.88,0.17,522000.0,16300.0,352000.0,209000.0,17,"{""BlockIO"": ""352kB / 209kB"", ""CPUPerc"": ""0.27%"", ""Container"": ""233b69edb61c"", ""ID"": ""233b69edb61c"", ""MemPerc"": ""0.17%"", ""MemUsage"": ""26.19MiB / 15.37GiB"", ""Name"": ""tcc-bes-g0-contention-run3-prometheus-1"", ""NetIO"": ""522kB / 16.3kB"", ""PIDs"": ""17""}"
2026-06-30T02:48:21.137259+00:00,7ea344958e6f,tcc-bes-g0-contention-run3-api-1,16.58,0.16579999999999998,265709158.4,16503411834.88,1.61,11400000.0,14800000.0,0.0,184000.0,86,"{""BlockIO"": ""0B / 184kB"", ""CPUPerc"": ""16.58%"", ""Container"": ""7ea344958e6f"", ""ID"": ""7ea344958e6f"", ""MemPerc"": ""1.61%"", ""MemUsage"": ""253.4MiB / 15.37GiB"", ""Name"": ""tcc-bes-g0-contention-run3-api-1"", ""NetIO"": ""11.4MB / 14.8MB"", ""PIDs"": ""86""}"
2026-06-30T02:48:21.137259+00:00,9d5aa598ec35,tcc-bes-g0-contention-run3-postgres-1,9.37,0.09369999999999999,71638712.32,16503411834.88,0.43,9050000.0,8140000.000000001,0.0,102000000.0,16,"{""BlockIO"": ""0B / 102MB"", ""CPUPerc"": ""9.37%"", ""Container"": ""9d5aa598ec35"", ""ID"": ""9d5aa598ec35"", ""MemPerc"": ""0.43%"", ""MemUsage"": ""68.32MiB / 15.37GiB"", ""Name"": ""tcc-bes-g0-contention-run3-postgres-1"", ""NetIO"": ""9.05MB / 8.14MB"", ""PIDs"": ""16""}"
2026-06-30T02:48:21.137259+00:00,3b258cd04d0c,tcc-bes-g0-contention-run3-cadvisor-1,2.67,0.026699999999999998,31247564.8,16503411834.88,0.19,9650.0,190000.0,0.0,0.0,23,"{""BlockIO"": ""0B / 0B"", ""CPUPerc"": ""2.67%"", ""Container"": ""3b258cd04d0c"", ""ID"": ""3b258cd04d0c"", ""MemPerc"": ""0.19%"", ""MemUsage"": ""29.8MiB / 15.37GiB"", ""Name"": ""tcc-bes-g0-contention-run3-cadvisor-1"", ""NetIO"": ""9.65kB / 190kB"", ""PIDs"": ""23""}"
2026-06-30T02:48:25.305133+00:00,1b838d92b099,tcc-bes-g0-contention-run3-grafana-1,0.08,0.0008,48465182.72,16503411834.88,0.29,26500.0,6110.0,98300.0,23900000.0,22,"{""BlockIO"": ""98.3kB / 23.9MB"", ""CPUPerc"": ""0.08%"", ""Container"": ""1b838d92b099"", ""ID"": ""1b838d92b099"", ""MemPerc"": ""0.29%"", ""MemUsage"": ""46.22MiB / 15.37GiB"", ""Name"": ""tcc-bes-g0-contention-run3-grafana-1"", ""NetIO"": ""26.5kB / 6.11kB"", ""PIDs"": ""22""}"
2026-06-30T02:48:25.305133+00:00,233b69edb61c,tcc-bes-g0-contention-run3-prometheus-1,0.0,0.0,27462205.44,16503411834.88,0.17,522000.0,16300.0,352000.0,209000.0,17,"{""BlockIO"": ""352kB / 209kB"", ""CPUPerc"": ""0.00%"", ""Container"": ""233b69edb61c"", ""ID"": ""233b69edb61c"", ""MemPerc"": ""0.17%"", ""MemUsage"": ""26.19MiB / 15.37GiB"", ""Name"": ""tcc-bes-g0-contention-run3-prometheus-1"", ""NetIO"": ""522kB / 16.3kB"", ""PIDs"": ""17""}"
2026-06-30T02:48:25.305133+00:00,7ea344958e6f,tcc-bes-g0-contention-run3-api-1,10.99,0.1099,265918873.6,16503411834.88,1.61,11800000.0,15200000.0,0.0,184000.0,86,"{""BlockIO"": ""0B / 184kB"", ""CPUPerc"": ""10.99%"", ""Container"": ""7ea344958e6f"", ""ID"": ""7ea344958e6f"", ""MemPerc"": ""1.61%"", ""MemUsage"": ""253.6MiB / 15.37GiB"", ""Name"": ""tcc-bes-g0-contention-run3-api-1"", ""NetIO"": ""11.8MB / 15.2MB"", ""PIDs"": ""86""}"
2026-06-30T02:48:25.305133+00:00,9d5aa598ec35,tcc-bes-g0-contention-run3-postgres-1,11.21,0.1121,72372715.52,16503411834.88,0.44,9350000.0,8400000.0,0.0,103000000.0,16,"{""BlockIO"": ""0B / 103MB"", ""CPUPerc"": ""11.21%"", ""Container"": ""9d5aa598ec35"", ""ID"": ""9d5aa598ec35"", ""MemPerc"": ""0.44%"", ""MemUsage"": ""69.02MiB / 15.37GiB"", ""Name"": ""tcc-bes-g0-contention-run3-postgres-1"", ""NetIO"": ""9.35MB / 8.4MB"", ""PIDs"": ""16""}"
2026-06-30T02:48:25.305133+00:00,3b258cd04d0c,tcc-bes-g0-contention-run3-cadvisor-1,0.77,0.0077,31562137.6,16503411834.88,0.19,9650.0,190000.0,0.0,0.0,23,"{""BlockIO"": ""0B / 0B"", ""CPUPerc"": ""0.77%"", ""Container"": ""3b258cd04d0c"", ""ID"": ""3b258cd04d0c"", ""MemPerc"": ""0.19%"", ""MemUsage"": ""30.1MiB / 15.37GiB"", ""Name"": ""tcc-bes-g0-contention-run3-cadvisor-1"", ""NetIO"": ""9.65kB / 190kB"", ""PIDs"": ""23""}"
2026-06-30T02:48:29.519130+00:00,1b838d92b099,tcc-bes-g0-contention-run3-grafana-1,0.06,0.0006,48465182.72,16503411834.88,0.29,26500.0,6110.0,98300.0,23900000.0,22,"{""BlockIO"": ""98.3kB / 23.9MB"", ""CPUPerc"": ""0.06%"", ""Container"": ""1b838d92b099"", ""ID"": ""1b838d92b099"", ""MemPerc"": ""0.29%"", ""MemUsage"": ""46.22MiB / 15.37GiB"", ""Name"": ""tcc-bes-g0-contention-run3-grafana-1"", ""NetIO"": ""26.5kB / 6.11kB"", ""PIDs"": ""22""}"
2026-06-30T02:48:29.519130+00:00,233b69edb61c,tcc-bes-g0-contention-run3-prometheus-1,0.0,0.0,27462205.44,16503411834.88,0.17,522000.0,16300.0,352000.0,209000.0,17,"{""BlockIO"": ""352kB / 209kB"", ""CPUPerc"": ""0.00%"", ""Container"": ""233b69edb61c"", ""ID"": ""233b69edb61c"", ""MemPerc"": ""0.17%"", ""MemUsage"": ""26.19MiB / 15.37GiB"", ""Name"": ""tcc-bes-g0-contention-run3-prometheus-1"", ""NetIO"": ""522kB / 16.3kB"", ""PIDs"": ""17""}"
2026-06-30T02:48:29.519130+00:00,7ea344958e6f,tcc-bes-g0-contention-run3-api-1,10.19,0.10189999999999999,266233446.4,16503411834.88,1.61,12200000.0,15700000.0,0.0,184000.0,86,"{""BlockIO"": ""0B / 184kB"", ""CPUPerc"": ""10.19%"", ""Container"": ""7ea344958e6f"", ""ID"": ""7ea344958e6f"", ""MemPerc"": ""1.61%"", ""MemUsage"": ""253.9MiB / 15.37GiB"", ""Name"": ""tcc-bes-g0-contention-run3-api-1"", ""NetIO"": ""12.2MB / 15.7MB"", ""PIDs"": ""86""}"
2026-06-30T02:48:29.519130+00:00,9d5aa598ec35,tcc-bes-g0-contention-run3-postgres-1,6.88,0.0688,72278343.68,16503411834.88,0.44,9640000.0,8670000.0,0.0,104000000.0,16,"{""BlockIO"": ""0B / 104MB"", ""CPUPerc"": ""6.88%"", ""Container"": ""9d5aa598ec35"", ""ID"": ""9d5aa598ec35"", ""MemPerc"": ""0.44%"", ""MemUsage"": ""68.93MiB / 15.37GiB"", ""Name"": ""tcc-bes-g0-contention-run3-postgres-1"", ""NetIO"": ""9.64MB / 8.67MB"", ""PIDs"": ""16""}"
2026-06-30T02:48:29.519130+00:00,3b258cd04d0c,tcc-bes-g0-contention-run3-cadvisor-1,0.72,0.0072,31216107.52,16503411834.88,0.19,9650.0,190000.0,0.0,0.0,23,"{""BlockIO"": ""0B / 0B"", ""CPUPerc"": ""0.72%"", ""Container"": ""3b258cd04d0c"", ""ID"": ""3b258cd04d0c"", ""MemPerc"": ""0.19%"", ""MemUsage"": ""29.77MiB / 15.37GiB"", ""Name"": ""tcc-bes-g0-contention-run3-cadvisor-1"", ""NetIO"": ""9.65kB / 190kB"", ""PIDs"": ""23""}"
2026-06-30T02:48:33.756729+00:00,1b838d92b099,tcc-bes-g0-contention-run3-grafana-1,0.06,0.0006,48465182.72,16503411834.88,0.29,26500.0,6110.0,98300.0,23900000.0,22,"{""BlockIO"": ""98.3kB / 23.9MB"", ""CPUPerc"": ""0.06%"", ""Container"": ""1b838d92b099"", ""ID"": ""1b838d92b099"", ""MemPerc"": ""0.29%"", ""MemUsage"": ""46.22MiB / 15.37GiB"", ""Name"": ""tcc-bes-g0-contention-run3-grafana-1"", ""NetIO"": ""26.5kB / 6.11kB"", ""PIDs"": ""22""}"
2026-06-30T02:48:33.756729+00:00,233b69edb61c,tcc-bes-g0-contention-run3-prometheus-1,0.37,0.0037,27462205.44,16503411834.88,0.17,541000.0,17000.0,352000.0,209000.0,17,"{""BlockIO"": ""352kB / 209kB"", ""CPUPerc"": ""0.37%"", ""Container"": ""233b69edb61c"", ""ID"": ""233b69edb61c"", ""MemPerc"": ""0.17%"", ""MemUsage"": ""26.19MiB / 15.37GiB"", ""Name"": ""tcc-bes-g0-contention-run3-prometheus-1"", ""NetIO"": ""541kB / 17kB"", ""PIDs"": ""17""}"
2026-06-30T02:48:33.756729+00:00,7ea344958e6f,tcc-bes-g0-contention-run3-api-1,13.86,0.1386,266338304.0,16503411834.88,1.61,12500000.0,16100000.000000002,0.0,184000.0,86,"{""BlockIO"": ""0B / 184kB"", ""CPUPerc"": ""13.86%"", ""Container"": ""7ea344958e6f"", ""ID"": ""7ea344958e6f"", ""MemPerc"": ""1.61%"", ""MemUsage"": ""254MiB / 15.37GiB"", ""Name"": ""tcc-bes-g0-contention-run3-api-1"", ""NetIO"": ""12.5MB / 16.1MB"", ""PIDs"": ""86""}"
2026-06-30T02:48:33.756729+00:00,9d5aa598ec35,tcc-bes-g0-contention-run3-postgres-1,6.79,0.0679,73075261.44,16503411834.88,0.44,9990000.0,8970000.0,0.0,105000000.0,16,"{""BlockIO"": ""0B / 105MB"", ""CPUPerc"": ""6.79%"", ""Container"": ""9d5aa598ec35"", ""ID"": ""9d5aa598ec35"", ""MemPerc"": ""0.44%"", ""MemUsage"": ""69.69MiB / 15.37GiB"", ""Name"": ""tcc-bes-g0-contention-run3-postgres-1"", ""NetIO"": ""9.99MB / 8.97MB"", ""PIDs"": ""16""}"
2026-06-30T02:48:33.756729+00:00,3b258cd04d0c,tcc-bes-g0-contention-run3-cadvisor-1,2.26,0.0226,33155973.12,16503411834.88,0.2,10300.0,209000.0,0.0,0.0,23,"{""BlockIO"": ""0B / 0B"", ""CPUPerc"": ""2.26%"", ""Container"": ""3b258cd04d0c"", ""ID"": ""3b258cd04d0c"", ""MemPerc"": ""0.20%"", ""MemUsage"": ""31.62MiB / 15.37GiB"", ""Name"": ""tcc-bes-g0-contention-run3-cadvisor-1"", ""NetIO"": ""10.3kB / 209kB"", ""PIDs"": ""23""}"
2026-06-30T02:48:37.980888+00:00,1b838d92b099,tcc-bes-g0-contention-run3-grafana-1,0.11,0.0011,48454696.96,16503411834.88,0.29,26500.0,6110.0,98300.0,23900000.0,22,"{""BlockIO"": ""98.3kB / 23.9MB"", ""CPUPerc"": ""0.11%"", ""Container"": ""1b838d92b099"", ""ID"": ""1b838d92b099"", ""MemPerc"": ""0.29%"", ""MemUsage"": ""46.21MiB / 15.37GiB"", ""Name"": ""tcc-bes-g0-contention-run3-grafana-1"", ""NetIO"": ""26.5kB / 6.11kB"", ""PIDs"": ""22""}"
2026-06-30T02:48:37.980888+00:00,233b69edb61c,tcc-bes-g0-contention-run3-prometheus-1,0.0,0.0,27462205.44,16503411834.88,0.17,575000.0,17800.0,352000.0,225000.0,17,"{""BlockIO"": ""352kB / 225kB"", ""CPUPerc"": ""0.00%"", ""Container"": ""233b69edb61c"", ""ID"": ""233b69edb61c"", ""MemPerc"": ""0.17%"", ""MemUsage"": ""26.19MiB / 15.37GiB"", ""Name"": ""tcc-bes-g0-contention-run3-prometheus-1"", ""NetIO"": ""575kB / 17.8kB"", ""PIDs"": ""17""}"
2026-06-30T02:48:37.980888+00:00,7ea344958e6f,tcc-bes-g0-contention-run3-api-1,13.45,0.13449999999999998,266443161.6,16503411834.88,1.61,12900000.0,16700000.0,0.0,201000.0,86,"{""BlockIO"": ""0B / 201kB"", ""CPUPerc"": ""13.45%"", ""Container"": ""7ea344958e6f"", ""ID"": ""7ea344958e6f"", ""MemPerc"": ""1.61%"", ""MemUsage"": ""254.1MiB / 15.37GiB"", ""Name"": ""tcc-bes-g0-contention-run3-api-1"", ""NetIO"": ""12.9MB / 16.7MB"", ""PIDs"": ""86""}"
2026-06-30T02:48:37.980888+00:00,9d5aa598ec35,tcc-bes-g0-contention-run3-postgres-1,10.15,0.1015,72739717.12,16503411834.88,0.44,10300000.0,9240000.0,0.0,106000000.0,16,"{""BlockIO"": ""0B / 106MB"", ""CPUPerc"": ""10.15%"", ""Container"": ""9d5aa598ec35"", ""ID"": ""9d5aa598ec35"", ""MemPerc"": ""0.44%"", ""MemUsage"": ""69.37MiB / 15.37GiB"", ""Name"": ""tcc-bes-g0-contention-run3-postgres-1"", ""NetIO"": ""10.3MB / 9.24MB"", ""PIDs"": ""16""}"
2026-06-30T02:48:37.980888+00:00,3b258cd04d0c,tcc-bes-g0-contention-run3-cadvisor-1,0.56,0.005600000000000001,33166458.88,16503411834.88,0.2,10300.0,209000.0,0.0,0.0,23,"{""BlockIO"": ""0B / 0B"", ""CPUPerc"": ""0.56%"", ""Container"": ""3b258cd04d0c"", ""ID"": ""3b258cd04d0c"", ""MemPerc"": ""0.20%"", ""MemUsage"": ""31.63MiB / 15.37GiB"", ""Name"": ""tcc-bes-g0-contention-run3-cadvisor-1"", ""NetIO"": ""10.3kB / 209kB"", ""PIDs"": ""23""}"
2026-06-30T02:48:42.249177+00:00,1b838d92b099,tcc-bes-g0-contention-run3-grafana-1,0.09,0.0009,48454696.96,16503411834.88,0.29,26500.0,6110.0,98300.0,23900000.0,22,"{""BlockIO"": ""98.3kB / 23.9MB"", ""CPUPerc"": ""0.09%"", ""Container"": ""1b838d92b099"", ""ID"": ""1b838d92b099"", ""MemPerc"": ""0.29%"", ""MemUsage"": ""46.21MiB / 15.37GiB"", ""Name"": ""tcc-bes-g0-contention-run3-grafana-1"", ""NetIO"": ""26.5kB / 6.11kB"", ""PIDs"": ""22""}"
2026-06-30T02:48:42.249177+00:00,233b69edb61c,tcc-bes-g0-contention-run3-prometheus-1,0.14,0.0014000000000000002,27462205.44,16503411834.88,0.17,575000.0,17800.0,352000.0,225000.0,17,"{""BlockIO"": ""352kB / 225kB"", ""CPUPerc"": ""0.14%"", ""Container"": ""233b69edb61c"", ""ID"": ""233b69edb61c"", ""MemPerc"": ""0.17%"", ""MemUsage"": ""26.19MiB / 15.37GiB"", ""Name"": ""tcc-bes-g0-contention-run3-prometheus-1"", ""NetIO"": ""575kB / 17.8kB"", ""PIDs"": ""17""}"
2026-06-30T02:48:42.249177+00:00,7ea344958e6f,tcc-bes-g0-contention-run3-api-1,13.88,0.1388,266233446.4,16503411834.88,1.61,13400000.0,17300000.0,0.0,201000.0,86,"{""BlockIO"": ""0B / 201kB"", ""CPUPerc"": ""13.88%"", ""Container"": ""7ea344958e6f"", ""ID"": ""7ea344958e6f"", ""MemPerc"": ""1.61%"", ""MemUsage"": ""253.9MiB / 15.37GiB"", ""Name"": ""tcc-bes-g0-contention-run3-api-1"", ""NetIO"": ""13.4MB / 17.3MB"", ""PIDs"": ""86""}"
2026-06-30T02:48:42.249177+00:00,9d5aa598ec35,tcc-bes-g0-contention-run3-postgres-1,11.93,0.1193,72823603.2,16503411834.88,0.44,10500000.0,9440000.0,0.0,107000000.0,16,"{""BlockIO"": ""0B / 107MB"", ""CPUPerc"": ""11.93%"", ""Container"": ""9d5aa598ec35"", ""ID"": ""9d5aa598ec35"", ""MemPerc"": ""0.44%"", ""MemUsage"": ""69.45MiB / 15.37GiB"", ""Name"": ""tcc-bes-g0-contention-run3-postgres-1"", ""NetIO"": ""10.5MB / 9.44MB"", ""PIDs"": ""16""}"
2026-06-30T02:48:42.249177+00:00,3b258cd04d0c,tcc-bes-g0-contention-run3-cadvisor-1,1.37,0.0137,33208401.92,16503411834.88,0.2,10300.0,209000.0,0.0,0.0,23,"{""BlockIO"": ""0B / 0B"", ""CPUPerc"": ""1.37%"", ""Container"": ""3b258cd04d0c"", ""ID"": ""3b258cd04d0c"", ""MemPerc"": ""0.20%"", ""MemUsage"": ""31.67MiB / 15.37GiB"", ""Name"": ""tcc-bes-g0-contention-run3-cadvisor-1"", ""NetIO"": ""10.3kB / 209kB"", ""PIDs"": ""23""}"
2026-06-30T02:48:46.446359+00:00,1b838d92b099,tcc-bes-g0-contention-run3-grafana-1,0.09,0.0009,48454696.96,16503411834.88,0.29,26500.0,6110.0,98300.0,23900000.0,22,"{""BlockIO"": ""98.3kB / 23.9MB"", ""CPUPerc"": ""0.09%"", ""Container"": ""1b838d92b099"", ""ID"": ""1b838d92b099"", ""MemPerc"": ""0.29%"", ""MemUsage"": ""46.21MiB / 15.37GiB"", ""Name"": ""tcc-bes-g0-contention-run3-grafana-1"", ""NetIO"": ""26.5kB / 6.11kB"", ""PIDs"": ""22""}"
2026-06-30T02:48:46.446359+00:00,233b69edb61c,tcc-bes-g0-contention-run3-prometheus-1,0.0,0.0,27462205.44,16503411834.88,0.17,575000.0,17800.0,352000.0,225000.0,17,"{""BlockIO"": ""352kB / 225kB"", ""CPUPerc"": ""0.00%"", ""Container"": ""233b69edb61c"", ""ID"": ""233b69edb61c"", ""MemPerc"": ""0.17%"", ""MemUsage"": ""26.19MiB / 15.37GiB"", ""Name"": ""tcc-bes-g0-contention-run3-prometheus-1"", ""NetIO"": ""575kB / 17.8kB"", ""PIDs"": ""17""}"
2026-06-30T02:48:46.446359+00:00,7ea344958e6f,tcc-bes-g0-contention-run3-api-1,12.33,0.1233,266233446.4,16503411834.88,1.61,13700000.0,17600000.0,0.0,201000.0,86,"{""BlockIO"": ""0B / 201kB"", ""CPUPerc"": ""12.33%"", ""Container"": ""7ea344958e6f"", ""ID"": ""7ea344958e6f"", ""MemPerc"": ""1.61%"", ""MemUsage"": ""253.9MiB / 15.37GiB"", ""Name"": ""tcc-bes-g0-contention-run3-api-1"", ""NetIO"": ""13.7MB / 17.6MB"", ""PIDs"": ""86""}"
2026-06-30T02:48:46.446359+00:00,9d5aa598ec35,tcc-bes-g0-contention-run3-postgres-1,7.69,0.07690000000000001,73358376.96,16503411834.88,0.44,10900000.0,9780000.0,0.0,108000000.0,16,"{""BlockIO"": ""0B / 108MB"", ""CPUPerc"": ""7.69%"", ""Container"": ""9d5aa598ec35"", ""ID"": ""9d5aa598ec35"", ""MemPerc"": ""0.44%"", ""MemUsage"": ""69.96MiB / 15.37GiB"", ""Name"": ""tcc-bes-g0-contention-run3-postgres-1"", ""NetIO"": ""10.9MB / 9.78MB"", ""PIDs"": ""16""}"
2026-06-30T02:48:46.446359+00:00,3b258cd04d0c,tcc-bes-g0-contention-run3-cadvisor-1,1.09,0.0109,34340864.0,16503411834.88,0.21,10300.0,209000.0,0.0,0.0,25,"{""BlockIO"": ""0B / 0B"", ""CPUPerc"": ""1.09%"", ""Container"": ""3b258cd04d0c"", ""ID"": ""3b258cd04d0c"", ""MemPerc"": ""0.21%"", ""MemUsage"": ""32.75MiB / 15.37GiB"", ""Name"": ""tcc-bes-g0-contention-run3-cadvisor-1"", ""NetIO"": ""10.3kB / 209kB"", ""PIDs"": ""25""}"
2026-06-30T02:48:49.846872+00:00,1b838d92b099,tcc-bes-g0-contention-run3-grafana-1,0.16,0.0016,48454696.96,16503411834.88,0.29,26500.0,6110.0,98300.0,23900000.0,22,"{""BlockIO"": ""98.3kB / 23.9MB"", ""CPUPerc"": ""0.16%"", ""Container"": ""1b838d92b099"", ""ID"": ""1b838d92b099"", ""MemPerc"": ""0.29%"", ""MemUsage"": ""46.21MiB / 15.37GiB"", ""Name"": ""tcc-bes-g0-contention-run3-grafana-1"", ""NetIO"": ""26.5kB / 6.11kB"", ""PIDs"": ""22""}"
2026-06-30T02:48:49.846872+00:00,233b69edb61c,tcc-bes-g0-contention-run3-prometheus-1,0.0,0.0,27472691.2,16503411834.88,0.17,594000.0,18400.0,352000.0,225000.0,17,"{""BlockIO"": ""352kB / 225kB"", ""CPUPerc"": ""0.00%"", ""Container"": ""233b69edb61c"", ""ID"": ""233b69edb61c"", ""MemPerc"": ""0.17%"", ""MemUsage"": ""26.2MiB / 15.37GiB"", ""Name"": ""tcc-bes-g0-contention-run3-prometheus-1"", ""NetIO"": ""594kB / 18.4kB"", ""PIDs"": ""17""}"
2026-06-30T02:48:49.846872+00:00,7ea344958e6f,tcc-bes-g0-contention-run3-api-1,49.92,0.49920000000000003,266757734.4,16503411834.88,1.62,14100000.0,18200000.0,0.0,217000.0,86,"{""BlockIO"": ""0B / 217kB"", ""CPUPerc"": ""49.92%"", ""Container"": ""7ea344958e6f"", ""ID"": ""7ea344958e6f"", ""MemPerc"": ""1.62%"", ""MemUsage"": ""254.4MiB / 15.37GiB"", ""Name"": ""tcc-bes-g0-contention-run3-api-1"", ""NetIO"": ""14.1MB / 18.2MB"", ""PIDs"": ""86""}"
2026-06-30T02:48:49.846872+00:00,9d5aa598ec35,tcc-bes-g0-contention-run3-postgres-1,10.35,0.1035,73159147.52,16503411834.88,0.44,11100000.0,10000000.0,0.0,110000000.0,16,"{""BlockIO"": ""0B / 110MB"", ""CPUPerc"": ""10.35%"", ""Container"": ""9d5aa598ec35"", ""ID"": ""9d5aa598ec35"", ""MemPerc"": ""0.44%"", ""MemUsage"": ""69.77MiB / 15.37GiB"", ""Name"": ""tcc-bes-g0-contention-run3-postgres-1"", ""NetIO"": ""11.1MB / 10MB"", ""PIDs"": ""16""}"
2026-06-30T02:48:49.846872+00:00,3b258cd04d0c,tcc-bes-g0-contention-run3-cadvisor-1,1.49,0.0149,34487664.64,16503411834.88,0.21,11000.0,228000.0,0.0,0.0,25,"{""BlockIO"": ""0B / 0B"", ""CPUPerc"": ""1.49%"", ""Container"": ""3b258cd04d0c"", ""ID"": ""3b258cd04d0c"", ""MemPerc"": ""0.21%"", ""MemUsage"": ""32.89MiB / 15.37GiB"", ""Name"": ""tcc-bes-g0-contention-run3-cadvisor-1"", ""NetIO"": ""11kB / 228kB"", ""PIDs"": ""25""}"
2026-06-30T02:48:53.971112+00:00,1b838d92b099,tcc-bes-g0-contention-run3-grafana-1,0.06,0.0006,48454696.96,16503411834.88,0.29,26500.0,6110.0,98300.0,23900000.0,22,"{""BlockIO"": ""98.3kB / 23.9MB"", ""CPUPerc"": ""0.06%"", ""Container"": ""1b838d92b099"", ""ID"": ""1b838d92b099"", ""MemPerc"": ""0.29%"", ""MemUsage"": ""46.21MiB / 15.37GiB"", ""Name"": ""tcc-bes-g0-contention-run3-grafana-1"", ""NetIO"": ""26.5kB / 6.11kB"", ""PIDs"": ""22""}"
2026-06-30T02:48:53.971112+00:00,233b69edb61c,tcc-bes-g0-contention-run3-prometheus-1,0.0,0.0,27472691.2,16503411834.88,0.17,628000.0,19200.0,352000.0,225000.0,17,"{""BlockIO"": ""352kB / 225kB"", ""CPUPerc"": ""0.00%"", ""Container"": ""233b69edb61c"", ""ID"": ""233b69edb61c"", ""MemPerc"": ""0.17%"", ""MemUsage"": ""26.2MiB / 15.37GiB"", ""Name"": ""tcc-bes-g0-contention-run3-prometheus-1"", ""NetIO"": ""628kB / 19.2kB"", ""PIDs"": ""17""}"
2026-06-30T02:48:53.971112+00:00,7ea344958e6f,tcc-bes-g0-contention-run3-api-1,36.92,0.36920000000000003,266862592.0,16503411834.88,1.62,14500000.0,18700000.0,0.0,217000.0,87,"{""BlockIO"": ""0B / 217kB"", ""CPUPerc"": ""36.92%"", ""Container"": ""7ea344958e6f"", ""ID"": ""7ea344958e6f"", ""MemPerc"": ""1.62%"", ""MemUsage"": ""254.5MiB / 15.37GiB"", ""Name"": ""tcc-bes-g0-contention-run3-api-1"", ""NetIO"": ""14.5MB / 18.7MB"", ""PIDs"": ""87""}"
2026-06-30T02:48:53.971112+00:00,9d5aa598ec35,tcc-bes-g0-contention-run3-postgres-1,8.36,0.0836,73557606.4,16503411834.88,0.45,11500000.0,10300000.0,0.0,111000000.0,16,"{""BlockIO"": ""0B / 111MB"", ""CPUPerc"": ""8.36%"", ""Container"": ""9d5aa598ec35"", ""ID"": ""9d5aa598ec35"", ""MemPerc"": ""0.45%"", ""MemUsage"": ""70.15MiB / 15.37GiB"", ""Name"": ""tcc-bes-g0-contention-run3-postgres-1"", ""NetIO"": ""11.5MB / 10.3MB"", ""PIDs"": ""16""}"
2026-06-30T02:48:53.971112+00:00,3b258cd04d0c,tcc-bes-g0-contention-run3-cadvisor-1,1.3,0.013000000000000001,35337011.2,16503411834.88,0.21,11000.0,228000.0,0.0,0.0,25,"{""BlockIO"": ""0B / 0B"", ""CPUPerc"": ""1.30%"", ""Container"": ""3b258cd04d0c"", ""ID"": ""3b258cd04d0c"", ""MemPerc"": ""0.21%"", ""MemUsage"": ""33.7MiB / 15.37GiB"", ""Name"": ""tcc-bes-g0-contention-run3-cadvisor-1"", ""NetIO"": ""11kB / 228kB"", ""PIDs"": ""25""}"
2026-06-30T02:48:58.195333+00:00,1b838d92b099,tcc-bes-g0-contention-run3-grafana-1,0.16,0.0016,48454696.96,16503411834.88,0.29,26500.0,6110.0,98300.0,23900000.0,22,"{""BlockIO"": ""98.3kB / 23.9MB"", ""CPUPerc"": ""0.16%"", ""Container"": ""1b838d92b099"", ""ID"": ""1b838d92b099"", ""MemPerc"": ""0.29%"", ""MemUsage"": ""46.21MiB / 15.37GiB"", ""Name"": ""tcc-bes-g0-contention-run3-grafana-1"", ""NetIO"": ""26.5kB / 6.11kB"", ""PIDs"": ""22""}"
2026-06-30T02:48:58.195333+00:00,233b69edb61c,tcc-bes-g0-contention-run3-prometheus-1,0.28,0.0028000000000000004,27472691.2,16503411834.88,0.17,628000.0,19200.0,352000.0,225000.0,17,"{""BlockIO"": ""352kB / 225kB"", ""CPUPerc"": ""0.28%"", ""Container"": ""233b69edb61c"", ""ID"": ""233b69edb61c"", ""MemPerc"": ""0.17%"", ""MemUsage"": ""26.2MiB / 15.37GiB"", ""Name"": ""tcc-bes-g0-contention-run3-prometheus-1"", ""NetIO"": ""628kB / 19.2kB"", ""PIDs"": ""17""}"
2026-06-30T02:48:58.195333+00:00,7ea344958e6f,tcc-bes-g0-contention-run3-api-1,15.23,0.1523,266862592.0,16503411834.88,1.62,14900000.0,19200000.0,0.0,217000.0,86,"{""BlockIO"": ""0B / 217kB"", ""CPUPerc"": ""15.23%"", ""Container"": ""7ea344958e6f"", ""ID"": ""7ea344958e6f"", ""MemPerc"": ""1.62%"", ""MemUsage"": ""254.5MiB / 15.37GiB"", ""Name"": ""tcc-bes-g0-contention-run3-api-1"", ""NetIO"": ""14.9MB / 19.2MB"", ""PIDs"": ""86""}"
2026-06-30T02:48:58.195333+00:00,9d5aa598ec35,tcc-bes-g0-contention-run3-postgres-1,9.82,0.09820000000000001,72844574.72,16503411834.88,0.44,11800000.0,10600000.0,0.0,112000000.0,16,"{""BlockIO"": ""0B / 112MB"", ""CPUPerc"": ""9.82%"", ""Container"": ""9d5aa598ec35"", ""ID"": ""9d5aa598ec35"", ""MemPerc"": ""0.44%"", ""MemUsage"": ""69.47MiB / 15.37GiB"", ""Name"": ""tcc-bes-g0-contention-run3-postgres-1"", ""NetIO"": ""11.8MB / 10.6MB"", ""PIDs"": ""16""}"
2026-06-30T02:48:58.195333+00:00,3b258cd04d0c,tcc-bes-g0-contention-run3-cadvisor-1,0.89,0.0089,35389440.0,16503411834.88,0.21,11000.0,228000.0,0.0,0.0,25,"{""BlockIO"": ""0B / 0B"", ""CPUPerc"": ""0.89%"", ""Container"": ""3b258cd04d0c"", ""ID"": ""3b258cd04d0c"", ""MemPerc"": ""0.21%"", ""MemUsage"": ""33.75MiB / 15.37GiB"", ""Name"": ""tcc-bes-g0-contention-run3-cadvisor-1"", ""NetIO"": ""11kB / 228kB"", ""PIDs"": ""25""}"
2026-06-30T02:49:02.464636+00:00,1b838d92b099,tcc-bes-g0-contention-run3-grafana-1,0.07,0.0007000000000000001,48454696.96,16503411834.88,0.29,26500.0,6110.0,98300.0,23900000.0,22,"{""BlockIO"": ""98.3kB / 23.9MB"", ""CPUPerc"": ""0.07%"", ""Container"": ""1b838d92b099"", ""ID"": ""1b838d92b099"", ""MemPerc"": ""0.29%"", ""MemUsage"": ""46.21MiB / 15.37GiB"", ""Name"": ""tcc-bes-g0-contention-run3-grafana-1"", ""NetIO"": ""26.5kB / 6.11kB"", ""PIDs"": ""22""}"
2026-06-30T02:49:02.464636+00:00,233b69edb61c,tcc-bes-g0-contention-run3-prometheus-1,0.06,0.0006,27472691.2,16503411834.88,0.17,628000.0,19200.0,352000.0,225000.0,17,"{""BlockIO"": ""352kB / 225kB"", ""CPUPerc"": ""0.06%"", ""Container"": ""233b69edb61c"", ""ID"": ""233b69edb61c"", ""MemPerc"": ""0.17%"", ""MemUsage"": ""26.2MiB / 15.37GiB"", ""Name"": ""tcc-bes-g0-contention-run3-prometheus-1"", ""NetIO"": ""628kB / 19.2kB"", ""PIDs"": ""17""}"
2026-06-30T02:49:02.464636+00:00,7ea344958e6f,tcc-bes-g0-contention-run3-api-1,18.26,0.1826,266233446.4,16503411834.88,1.61,15300000.0,19700000.0,0.0,217000.0,86,"{""BlockIO"": ""0B / 217kB"", ""CPUPerc"": ""18.26%"", ""Container"": ""7ea344958e6f"", ""ID"": ""7ea344958e6f"", ""MemPerc"": ""1.61%"", ""MemUsage"": ""253.9MiB / 15.37GiB"", ""Name"": ""tcc-bes-g0-contention-run3-api-1"", ""NetIO"": ""15.3MB / 19.7MB"", ""PIDs"": ""86""}"
2026-06-30T02:49:02.464636+00:00,9d5aa598ec35,tcc-bes-g0-contention-run3-postgres-1,12.96,0.12960000000000002,73117204.48,16503411834.88,0.44,12000000.0,10700000.0,0.0,113000000.0,16,"{""BlockIO"": ""0B / 113MB"", ""CPUPerc"": ""12.96%"", ""Container"": ""9d5aa598ec35"", ""ID"": ""9d5aa598ec35"", ""MemPerc"": ""0.44%"", ""MemUsage"": ""69.73MiB / 15.37GiB"", ""Name"": ""tcc-bes-g0-contention-run3-postgres-1"", ""NetIO"": ""12MB / 10.7MB"", ""PIDs"": ""16""}"
2026-06-30T02:49:02.464636+00:00,3b258cd04d0c,tcc-bes-g0-contention-run3-cadvisor-1,1.01,0.0101,35148267.52,16503411834.88,0.21,11000.0,228000.0,0.0,0.0,25,"{""BlockIO"": ""0B / 0B"", ""CPUPerc"": ""1.01%"", ""Container"": ""3b258cd04d0c"", ""ID"": ""3b258cd04d0c"", ""MemPerc"": ""0.21%"", ""MemUsage"": ""33.52MiB / 15.37GiB"", ""Name"": ""tcc-bes-g0-contention-run3-cadvisor-1"", ""NetIO"": ""11kB / 228kB"", ""PIDs"": ""25""}"
2026-06-30T02:49:06.694396+00:00,1b838d92b099,tcc-bes-g0-contention-run3-grafana-1,0.08,0.0008,48454696.96,16503411834.88,0.29,26500.0,6110.0,98300.0,23900000.0,22,"{""BlockIO"": ""98.3kB / 23.9MB"", ""CPUPerc"": ""0.08%"", ""Container"": ""1b838d92b099"", ""ID"": ""1b838d92b099"", ""MemPerc"": ""0.29%"", ""MemUsage"": ""46.21MiB / 15.37GiB"", ""Name"": ""tcc-bes-g0-contention-run3-grafana-1"", ""NetIO"": ""26.5kB / 6.11kB"", ""PIDs"": ""22""}"
2026-06-30T02:49:06.694396+00:00,233b69edb61c,tcc-bes-g0-contention-run3-prometheus-1,0.0,0.0,27472691.2,16503411834.88,0.17,680000.0,20600.0,352000.0,254000.0,17,"{""BlockIO"": ""352kB / 254kB"", ""CPUPerc"": ""0.00%"", ""Container"": ""233b69edb61c"", ""ID"": ""233b69edb61c"", ""MemPerc"": ""0.17%"", ""MemUsage"": ""26.2MiB / 15.37GiB"", ""Name"": ""tcc-bes-g0-contention-run3-prometheus-1"", ""NetIO"": ""680kB / 20.6kB"", ""PIDs"": ""17""}"
2026-06-30T02:49:06.694396+00:00,7ea344958e6f,tcc-bes-g0-contention-run3-api-1,18.69,0.1869,266548019.2,16503411834.88,1.61,15600000.0,20100000.0,0.0,233000.0,86,"{""BlockIO"": ""0B / 233kB"", ""CPUPerc"": ""18.69%"", ""Container"": ""7ea344958e6f"", ""ID"": ""7ea344958e6f"", ""MemPerc"": ""1.61%"", ""MemUsage"": ""254.2MiB / 15.37GiB"", ""Name"": ""tcc-bes-g0-contention-run3-api-1"", ""NetIO"": ""15.6MB / 20.1MB"", ""PIDs"": ""86""}"
2026-06-30T02:49:06.694396+00:00,9d5aa598ec35,tcc-bes-g0-contention-run3-postgres-1,10.06,0.10060000000000001,73452748.8,16503411834.88,0.44,12300000.0,11100000.0,0.0,114000000.0,16,"{""BlockIO"": ""0B / 114MB"", ""CPUPerc"": ""10.06%"", ""Container"": ""9d5aa598ec35"", ""ID"": ""9d5aa598ec35"", ""MemPerc"": ""0.44%"", ""MemUsage"": ""70.05MiB / 15.37GiB"", ""Name"": ""tcc-bes-g0-contention-run3-postgres-1"", ""NetIO"": ""12.3MB / 11.1MB"", ""PIDs"": ""16""}"
2026-06-30T02:49:06.694396+00:00,3b258cd04d0c,tcc-bes-g0-contention-run3-cadvisor-1,0.96,0.0096,35829841.92,16503411834.88,0.22,11700.0,247000.0,0.0,0.0,25,"{""BlockIO"": ""0B / 0B"", ""CPUPerc"": ""0.96%"", ""Container"": ""3b258cd04d0c"", ""ID"": ""3b258cd04d0c"", ""MemPerc"": ""0.22%"", ""MemUsage"": ""34.17MiB / 15.37GiB"", ""Name"": ""tcc-bes-g0-contention-run3-cadvisor-1"", ""NetIO"": ""11.7kB / 247kB"", ""PIDs"": ""25""}"
2026-06-30T02:49:11.021240+00:00,1b838d92b099,tcc-bes-g0-contention-run3-grafana-1,0.23,0.0023,48528097.28,16503411834.88,0.29,26500.0,6110.0,98300.0,23900000.0,22,"{""BlockIO"": ""98.3kB / 23.9MB"", ""CPUPerc"": ""0.23%"", ""Container"": ""1b838d92b099"", ""ID"": ""1b838d92b099"", ""MemPerc"": ""0.29%"", ""MemUsage"": ""46.28MiB / 15.37GiB"", ""Name"": ""tcc-bes-g0-contention-run3-grafana-1"", ""NetIO"": ""26.5kB / 6.11kB"", ""PIDs"": ""22""}"
2026-06-30T02:49:11.021240+00:00,233b69edb61c,tcc-bes-g0-contention-run3-prometheus-1,0.0,0.0,27472691.2,16503411834.88,0.17,680000.0,20600.0,352000.0,254000.0,17,"{""BlockIO"": ""352kB / 254kB"", ""CPUPerc"": ""0.00%"", ""Container"": ""233b69edb61c"", ""ID"": ""233b69edb61c"", ""MemPerc"": ""0.17%"", ""MemUsage"": ""26.2MiB / 15.37GiB"", ""Name"": ""tcc-bes-g0-contention-run3-prometheus-1"", ""NetIO"": ""680kB / 20.6kB"", ""PIDs"": ""17""}"
2026-06-30T02:49:11.021240+00:00,7ea344958e6f,tcc-bes-g0-contention-run3-api-1,22.39,0.22390000000000002,267282022.4,16503411834.88,1.62,16000000.0,20600000.0,0.0,233000.0,87,"{""BlockIO"": ""0B / 233kB"", ""CPUPerc"": ""22.39%"", ""Container"": ""7ea344958e6f"", ""ID"": ""7ea344958e6f"", ""MemPerc"": ""1.62%"", ""MemUsage"": ""254.9MiB / 15.37GiB"", ""Name"": ""tcc-bes-g0-contention-run3-api-1"", ""NetIO"": ""16MB / 20.6MB"", ""PIDs"": ""87""}"
2026-06-30T02:49:11.021240+00:00,9d5aa598ec35,tcc-bes-g0-contention-run3-postgres-1,20.74,0.20739999999999997,74543267.84,16503411834.88,0.45,12600000.0,11300000.0,0.0,115000000.0,16,"{""BlockIO"": ""0B / 115MB"", ""CPUPerc"": ""20.74%"", ""Container"": ""9d5aa598ec35"", ""ID"": ""9d5aa598ec35"", ""MemPerc"": ""0.45%"", ""MemUsage"": ""71.09MiB / 15.37GiB"", ""Name"": ""tcc-bes-g0-contention-run3-postgres-1"", ""NetIO"": ""12.6MB / 11.3MB"", ""PIDs"": ""16""}"
2026-06-30T02:49:11.021240+00:00,3b258cd04d0c,tcc-bes-g0-contention-run3-cadvisor-1,0.99,0.009899999999999999,35871784.96,16503411834.88,0.22,11700.0,247000.0,0.0,0.0,25,"{""BlockIO"": ""0B / 0B"", ""CPUPerc"": ""0.99%"", ""Container"": ""3b258cd04d0c"", ""ID"": ""3b258cd04d0c"", ""MemPerc"": ""0.22%"", ""MemUsage"": ""34.21MiB / 15.37GiB"", ""Name"": ""tcc-bes-g0-contention-run3-cadvisor-1"", ""NetIO"": ""11.7kB / 247kB"", ""PIDs"": ""25""}"
2026-06-30T02:49:15.291145+00:00,1b838d92b099,tcc-bes-g0-contention-run3-grafana-1,0.06,0.0006,48528097.28,16503411834.88,0.29,26500.0,6110.0,98300.0,23900000.0,22,"{""BlockIO"": ""98.3kB / 23.9MB"", ""CPUPerc"": ""0.06%"", ""Container"": ""1b838d92b099"", ""ID"": ""1b838d92b099"", ""MemPerc"": ""0.29%"", ""MemUsage"": ""46.28MiB / 15.37GiB"", ""Name"": ""tcc-bes-g0-contention-run3-grafana-1"", ""NetIO"": ""26.5kB / 6.11kB"", ""PIDs"": ""22""}"
2026-06-30T02:49:15.291145+00:00,233b69edb61c,tcc-bes-g0-contention-run3-prometheus-1,0.0,0.0,27472691.2,16503411834.88,0.17,680000.0,20600.0,352000.0,254000.0,17,"{""BlockIO"": ""352kB / 254kB"", ""CPUPerc"": ""0.00%"", ""Container"": ""233b69edb61c"", ""ID"": ""233b69edb61c"", ""MemPerc"": ""0.17%"", ""MemUsage"": ""26.2MiB / 15.37GiB"", ""Name"": ""tcc-bes-g0-contention-run3-prometheus-1"", ""NetIO"": ""680kB / 20.6kB"", ""PIDs"": ""17""}"
2026-06-30T02:49:15.291145+00:00,7ea344958e6f,tcc-bes-g0-contention-run3-api-1,13.0,0.13,266652876.8,16503411834.88,1.62,16399999.999999998,21200000.0,0.0,233000.0,86,"{""BlockIO"": ""0B / 233kB"", ""CPUPerc"": ""13.00%"", ""Container"": ""7ea344958e6f"", ""ID"": ""7ea344958e6f"", ""MemPerc"": ""1.62%"", ""MemUsage"": ""254.3MiB / 15.37GiB"", ""Name"": ""tcc-bes-g0-contention-run3-api-1"", ""NetIO"": ""16.4MB / 21.2MB"", ""PIDs"": ""86""}"
2026-06-30T02:49:15.291145+00:00,9d5aa598ec35,tcc-bes-g0-contention-run3-postgres-1,9.29,0.0929,74752983.04,16503411834.88,0.45,12900000.0,11600000.0,0.0,116000000.0,16,"{""BlockIO"": ""0B / 116MB"", ""CPUPerc"": ""9.29%"", ""Container"": ""9d5aa598ec35"", ""ID"": ""9d5aa598ec35"", ""MemPerc"": ""0.45%"", ""MemUsage"": ""71.29MiB / 15.37GiB"", ""Name"": ""tcc-bes-g0-contention-run3-postgres-1"", ""NetIO"": ""12.9MB / 11.6MB"", ""PIDs"": ""16""}"
2026-06-30T02:49:15.291145+00:00,3b258cd04d0c,tcc-bes-g0-contention-run3-cadvisor-1,1.29,0.0129,35903242.24,16503411834.88,0.22,11700.0,247000.0,0.0,0.0,25,"{""BlockIO"": ""0B / 0B"", ""CPUPerc"": ""1.29%"", ""Container"": ""3b258cd04d0c"", ""ID"": ""3b258cd04d0c"", ""MemPerc"": ""0.22%"", ""MemUsage"": ""34.24MiB / 15.37GiB"", ""Name"": ""tcc-bes-g0-contention-run3-cadvisor-1"", ""NetIO"": ""11.7kB / 247kB"", ""PIDs"": ""25""}"
2026-06-30T02:49:19.558238+00:00,1b838d92b099,tcc-bes-g0-contention-run3-grafana-1,0.13,0.0013,48528097.28,16503411834.88,0.29,26500.0,6110.0,98300.0,23900000.0,22,"{""BlockIO"": ""98.3kB / 23.9MB"", ""CPUPerc"": ""0.13%"", ""Container"": ""1b838d92b099"", ""ID"": ""1b838d92b099"", ""MemPerc"": ""0.29%"", ""MemUsage"": ""46.28MiB / 15.37GiB"", ""Name"": ""tcc-bes-g0-contention-run3-grafana-1"", ""NetIO"": ""26.5kB / 6.11kB"", ""PIDs"": ""22""}"
2026-06-30T02:49:19.558238+00:00,233b69edb61c,tcc-bes-g0-contention-run3-prometheus-1,0.0,0.0,27472691.2,16503411834.88,0.17,680000.0,20600.0,352000.0,254000.0,17,"{""BlockIO"": ""352kB / 254kB"", ""CPUPerc"": ""0.00%"", ""Container"": ""233b69edb61c"", ""ID"": ""233b69edb61c"", ""MemPerc"": ""0.17%"", ""MemUsage"": ""26.2MiB / 15.37GiB"", ""Name"": ""tcc-bes-g0-contention-run3-prometheus-1"", ""NetIO"": ""680kB / 20.6kB"", ""PIDs"": ""17""}"
2026-06-30T02:49:19.558238+00:00,7ea344958e6f,tcc-bes-g0-contention-run3-api-1,6.02,0.0602,266443161.6,16503411834.88,1.61,16700000.0,21500000.0,0.0,250000.0,86,"{""BlockIO"": ""0B / 250kB"", ""CPUPerc"": ""6.02%"", ""Container"": ""7ea344958e6f"", ""ID"": ""7ea344958e6f"", ""MemPerc"": ""1.61%"", ""MemUsage"": ""254.1MiB / 15.37GiB"", ""Name"": ""tcc-bes-g0-contention-run3-api-1"", ""NetIO"": ""16.7MB / 21.5MB"", ""PIDs"": ""86""}"
2026-06-30T02:49:19.558238+00:00,9d5aa598ec35,tcc-bes-g0-contention-run3-postgres-1,3.15,0.0315,73819750.4,16503411834.88,0.45,13200000.0,11800000.0,0.0,117000000.0,16,"{""BlockIO"": ""0B / 117MB"", ""CPUPerc"": ""3.15%"", ""Container"": ""9d5aa598ec35"", ""ID"": ""9d5aa598ec35"", ""MemPerc"": ""0.45%"", ""MemUsage"": ""70.4MiB / 15.37GiB"", ""Name"": ""tcc-bes-g0-contention-run3-postgres-1"", ""NetIO"": ""13.2MB / 11.8MB"", ""PIDs"": ""16""}"
2026-06-30T02:49:19.558238+00:00,3b258cd04d0c,tcc-bes-g0-contention-run3-cadvisor-1,0.85,0.0085,35651584.0,16503411834.88,0.22,11700.0,247000.0,0.0,0.0,25,"{""BlockIO"": ""0B / 0B"", ""CPUPerc"": ""0.85%"", ""Container"": ""3b258cd04d0c"", ""ID"": ""3b258cd04d0c"", ""MemPerc"": ""0.22%"", ""MemUsage"": ""34MiB / 15.37GiB"", ""Name"": ""tcc-bes-g0-contention-run3-cadvisor-1"", ""NetIO"": ""11.7kB / 247kB"", ""PIDs"": ""25""}"
